team,player,period,min,sec,pass zone,x,y,x_end,y_end,pass length,pass angle,outcome
Manchester City,Sergio Agüero,1,0,1,Center,50.1,50.0,52.4,49.1,2.5,6.0,1
Manchester City,David Silva,1,0,2,Back,48.2,49.1,29.0,76.5,27.5,2.4,1
Manchester City,Aleksandar Kolarov,1,0,19,Back,27.8,100.0,49.3,93.4,23.2,6.1,0
Bolton Wanderers,Fabrice Muamba,1,0,23,Center,50.9,20.0,63.6,30.1,15.0,0.5,1
Manchester City,Joleon Lescott,1,0,30,Back,29.3,73.0,30.2,55.6,11.9,4.8,1
Manchester City,Gnegneri Yaya Touré,1,0,32,Back,31.9,53.6,42.3,34.9,16.8,5.4,1
Manchester City,David Silva,1,0,33,Right,44.3,31.8,51.8,5.3,19.7,5.1,1
Manchester City,Micah Richards,1,0,36,Right,52.1,5.3,98.0,17.6,48.9,0.2,1
Manchester City,James Milner,1,1,6,Center,99.5,0.5,92.7,53.7,36.9,1.8,0
Bolton Wanderers,Jussi Jääskeläinen,1,1,29,Center,12.6,44.1,67.3,36.9,57.6,6.2,1
Bolton Wanderers,Kevin Davies,1,1,33,Center,67.3,36.9,75.5,37.7,8.6,0.1,0
Bolton Wanderers,Kevin Davies,1,1,37,Right,64.6,23.7,64.9,17.1,4.5,4.8,0
Bolton Wanderers,Gary Cahill,1,2,8,Center,44.5,24.6,77.8,66.5,45.1,0.7,1
Bolton Wanderers,Kevin Davies,1,2,12,Center,77.8,68.1,82.8,67.0,5.3,6.1,0
Bolton Wanderers,Fabrice Muamba,1,2,14,Center,66.9,53.6,77.2,69.3,15.2,0.8,0
Bolton Wanderers,Fabrice Muamba,1,3,5,Center,76.7,41.1,78.1,48.6,5.3,1.3,1
Bolton Wanderers,Zat Knight,1,3,6,Center,78.1,48.6,85.8,37.4,11.1,5.5,0
Manchester City,James Milner,1,3,9,Center,34.2,49.1,54.0,28.2,25.2,5.7,1
Manchester City,Edin Dzeko,1,3,13,Right,69.9,22.9,80.5,3.1,17.5,5.4,1
Manchester City,David Silva,1,3,21,Center,81.2,25.9,100.0,74.8,39.5,1.0,0
Bolton Wanderers,Jussi Jääskeläinen,1,3,50,Center,5.6,38.5,66.1,30.9,63.7,6.2,0
Manchester City,Joleon Lescott,1,3,51,Center,34.5,69.1,56.7,65.3,23.5,6.2,1
Manchester City,David Silva,1,3,55,Center,54.1,49.7,65.6,66.8,16.8,0.8,0
Bolton Wanderers,Gary Cahill,1,3,56,Back,29.1,35.8,36.7,29.3,9.1,5.8,1
Bolton Wanderers,Fabrice Muamba,1,3,57,Back,37.1,23.7,30.5,0.0,18.1,4.3,0
Manchester City,Aleksandar Kolarov,1,4,8,Center,69.5,100.0,65.8,64.9,25.0,4.6,1
Manchester City,Gnegneri Yaya Touré,1,4,11,Right,66.1,58.6,63.2,11.2,32.4,4.6,1
Manchester City,Micah Richards,1,4,16,Center,62.7,16.1,61.0,34.3,12.5,1.7,1
Manchester City,Gnegneri Yaya Touré,1,4,19,Back,61.0,34.3,40.9,31.8,21.2,3.2,1
Manchester City,Vincent Kompany,1,4,21,Back,43.0,32.1,39.7,74.0,28.7,1.7,1
Manchester City,Joleon Lescott,1,4,23,Back,41.0,70.1,48.8,51.2,15.2,5.3,1
Manchester City,Gnegneri Yaya Touré,1,4,26,Center,47.8,56.1,53.1,76.6,15.0,1.2,1
Manchester City,Joleon Lescott,1,4,33,Back,47.1,78.2,44.3,62.5,11.1,4.4,1
Manchester City,Gnegneri Yaya Touré,1,4,36,Left,45.5,59.8,52.0,90.8,22.2,1.3,1
Manchester City,Gareth Barry,1,4,39,Left,57.0,91.9,71.5,79.7,17.3,5.8,1
Manchester City,Sergio Agüero,1,4,41,Center,71.5,79.7,74.3,64.2,10.9,5.0,0
Bolton Wanderers,Nigel Reo-Coker,1,4,48,Back,31.9,59.3,45.5,61.7,14.4,0.1,1
Bolton Wanderers,Zat Knight,1,5,7,Back,40.8,62.3,45.9,61.4,5.4,6.2,1
Bolton Wanderers,Nigel Reo-Coker,1,5,10,Back,41.5,57.5,14.7,52.2,28.4,3.3,1
Bolton Wanderers,Jussi Jääskeläinen,1,5,13,Center,14.3,52.0,53.6,22.3,45.9,5.8,0
Manchester City,James Milner,1,5,15,Left,46.9,74.6,57.7,88.8,14.9,0.7,0
Bolton Wanderers,Grétar Steinsson,1,5,20,Right,38.9,1.7,65.5,0.0,28.0,6.2,0
Manchester City,Aleksandar Kolarov,1,5,32,Back,26.8,100.0,26.4,40.2,41.7,4.7,1
Manchester City,Micah Richards,1,5,35,Back,24.7,42.1,3.5,45.6,22.4,3.0,1
Manchester City,Joe Hart,1,5,38,Center,3.5,45.6,61.4,42.5,60.8,6.2,1
Manchester City,Edin Dzeko,1,5,43,Right,59.4,37.9,59.9,16.4,14.6,4.7,1
Manchester City,David Silva,1,5,46,Right,74.4,20.9,95.6,1.3,25.9,5.7,1
Manchester City,David Silva,1,6,4,Right,93.3,0.0,86.6,3.9,7.8,2.7,1
Manchester City,Gnegneri Yaya Touré,1,6,5,Right,86.4,1.4,80.9,1.3,5.8,3.2,1
Manchester City,David Silva,1,6,7,Right,80.9,1.4,79.5,19.3,12.3,1.7,1
Manchester City,Micah Richards,1,6,8,Right,79.6,19.6,89.3,19.0,10.2,6.2,0
Bolton Wanderers,Paul Robinson,1,6,12,Back,8.4,87.5,20.5,95.5,13.8,0.4,1
Bolton Wanderers,Martin Petrov,1,6,14,Back,20.0,95.1,32.4,96.6,13.1,0.1,1
Bolton Wanderers,Kevin Davies,1,6,18,Back,32.4,96.1,45.9,67.9,23.8,5.3,1
Bolton Wanderers,Fabrice Muamba,1,6,20,Back,45.9,67.9,37.8,72.3,9.0,2.8,1
Bolton Wanderers,Ivan Klasnic,1,6,22,Left,37.8,72.3,58.9,84.9,23.8,0.4,0
Manchester City,Vincent Kompany,1,6,25,Center,40.3,17.9,61.6,32.7,24.5,0.4,1
Manchester City,David Silva,1,6,26,Right,71.8,24.5,98.6,18.7,28.4,6.1,1
Manchester City,Sergio Agüero,1,6,28,Center,98.6,18.7,92.3,36.5,13.8,2.1,0
Manchester City,David Silva,1,6,41,Right,91.7,0.0,88.0,10.8,9.0,2.0,1
Bolton Wanderers,Nigel Reo-Coker,1,6,48,Back,17.9,78.8,31.6,80.4,14.4,0.1,1
Bolton Wanderers,Ivan Klasnic,1,6,50,Back,31.6,80.4,35.4,79.3,4.1,6.1,0
Manchester City,Gnegneri Yaya Touré,1,6,51,Right,64.2,19.6,60.7,15.1,4.8,3.8,1
Manchester City,Micah Richards,1,6,52,Center,58.7,15.4,64.6,22.6,7.9,0.7,1
Manchester City,Gareth Barry,1,6,54,Right,64.1,21.5,66.1,15.7,4.5,5.2,1
Manchester City,David Silva,1,6,55,Center,70.7,17.6,72.8,26.3,6.3,1.2,0
Bolton Wanderers,Ivan Klasnic,1,6,59,Left,29.6,82.4,57.4,93.1,30.1,0.2,0
Manchester City,Vincent Kompany,1,7,1,Right,44.4,6.9,56.7,5.5,13.0,6.2,1
Bolton Wanderers,Paul Robinson,1,7,4,Back,30.5,96.7,36.3,91.1,7.2,5.7,1
Bolton Wanderers,Ivan Klasnic,1,7,5,Back,36.3,91.1,34.2,100.0,7.1,1.9,0
Manchester City,David Silva,1,7,8,Right,59.7,0.0,81.0,8.1,23.3,0.3,1
Manchester City,Sergio Agüero,1,7,14,Right,92.0,5.3,74.4,18.6,20.6,2.7,1
Manchester City,David Silva,1,7,17,Center,76.0,25.1,87.7,42.7,17.2,0.8,0
Bolton Wanderers,Kevin Davies,1,7,23,Back,42.6,63.1,38.2,55.0,7.2,4.0,0
Manchester City,Gareth Barry,1,7,27,Left,63.5,46.1,79.3,88.0,33.0,1.0,1
Manchester City,James Milner,1,7,30,Center,79.9,73.7,74.7,70.4,5.9,3.5,1
Manchester City,Gareth Barry,1,7,33,Center,70.9,76.3,74.7,61.4,10.9,5.1,1
Manchester City,James Milner,1,7,35,Center,74.7,61.4,80.9,65.4,7.1,0.4,0
Bolton Wanderers,Chris Eagles,1,7,37,Back,22.0,31.9,27.1,26.2,6.6,5.7,1
Bolton Wanderers,Fabrice Muamba,1,7,38,Back,27.1,26.2,32.9,47.2,15.5,1.2,0
Bolton Wanderers,Ivan Klasnic,1,7,43,Back,39.2,46.3,45.1,58.4,10.3,0.9,1
Bolton Wanderers,Nigel Reo-Coker,1,7,44,Left,58.5,67.7,73.1,94.7,23.9,0.9,1
Manchester City,Joe Hart,1,8,17,Center,8.9,7.5,65.8,24.0,60.8,0.2,1
Manchester City,Edin Dzeko,1,8,21,Right,65.1,21.0,67.6,10.1,7.9,5.1,1
Bolton Wanderers,Nigel Reo-Coker,1,8,27,Back,28.1,77.7,32.4,92.5,11.0,1.1,1
Bolton Wanderers,Martin Petrov,1,8,29,Right,33.3,90.0,91.8,0.0,87.1,5.5,0
Manchester City,Aleksandar Kolarov,1,8,39,Back,9.3,100.0,21.1,88.8,14.8,5.7,1
Manchester City,Gareth Barry,1,8,42,Back,15.9,92.5,8.6,97.2,8.3,2.7,1
Manchester City,Aleksandar Kolarov,1,8,43,Back,8.8,97.2,48.9,69.0,46.3,5.9,0
Bolton Wanderers,Gary Cahill,1,8,47,Center,56.6,34.4,75.5,41.9,20.5,0.3,0
Bolton Wanderers,Chris Eagles,1,8,54,Center,78.9,12.3,77.3,25.7,9.3,1.8,0
Manchester City,Gareth Barry,1,8,56,Back,31.3,72.1,36.7,50.6,15.7,5.1,1
Manchester City,Sergio Agüero,1,8,59,Back,44.3,33.2,48.8,9.4,16.9,5.0,1
Manchester City,David Silva,1,9,5,Center,58.3,32.7,53.9,41.4,7.5,2.2,1
Manchester City,Gnegneri Yaya Touré,1,9,6,Right,54.3,41.4,66.5,16.1,21.4,5.4,1
Manchester City,Sergio Agüero,1,9,8,Center,68.4,19.3,68.3,30.7,7.8,1.6,1
Manchester City,David Silva,1,9,9,Right,68.7,30.7,79.8,20.7,13.5,5.8,0
Bolton Wanderers,Paul Robinson,1,9,14,Back,21.1,74.8,30.2,65.4,11.5,5.7,1
Bolton Wanderers,Nigel Reo-Coker,1,9,16,Back,30.8,58.7,35.4,14.3,30.6,4.9,1
Bolton Wanderers,Chris Eagles,1,9,23,Right,57.0,21.5,90.7,5.0,37.1,6.0,1
Bolton Wanderers,Grétar Steinsson,1,9,26,Center,94.3,5.2,90.5,44.7,27.2,1.7,0
Bolton Wanderers,Martin Petrov,1,10,0,Center,99.5,0.5,93.0,51.9,35.6,1.8,0
Manchester City,Joe Hart,1,10,15,Left,4.6,59.7,57.8,80.2,57.6,0.2,0
Bolton Wanderers,Grétar Steinsson,1,10,20,Back,40.2,16.4,43.4,36.3,13.9,1.3,1
Bolton Wanderers,Nigel Reo-Coker,1,10,21,Back,43.4,36.3,45.5,49.8,9.4,1.3,1
Bolton Wanderers,Fabrice Muamba,1,10,24,Back,46.1,57.8,47.4,77.1,13.2,1.5,1
Bolton Wanderers,Martin Petrov,1,10,27,Left,54.6,77.7,73.5,95.9,23.4,0.6,1
Bolton Wanderers,Paul Robinson,1,10,34,Left,77.0,95.9,91.6,96.9,15.3,0.0,1
Bolton Wanderers,Martin Petrov,1,10,37,Center,94.4,96.9,92.2,54.8,28.7,4.6,1
Bolton Wanderers,Martin Petrov,1,11,12,Center,99.7,99.7,91.9,51.6,33.7,4.5,0
Bolton Wanderers,Martin Petrov,1,11,27,Center,99.5,99.4,95.3,56.4,29.6,4.6,0
Manchester City,Edin Dzeko,1,11,32,Back,27.0,95.8,29.6,59.7,24.7,4.8,0
Bolton Wanderers,Gary Cahill,1,11,34,Center,59.7,42.2,74.2,31.3,16.9,5.8,1
Bolton Wanderers,Kevin Davies,1,11,37,Center,76.5,30.7,87.9,42.1,14.3,0.6,0
Manchester City,Vincent Kompany,1,11,39,Back,12.3,53.3,3.5,59.7,10.2,2.7,1
Manchester City,Joe Hart,1,11,42,Center,15.0,57.5,63.2,32.9,53.3,6.0,0
Bolton Wanderers,Paul Robinson,1,11,46,Back,37.9,66.8,43.8,85.0,13.8,1.1,0
Bolton Wanderers,Martin Petrov,1,11,53,Back,56.0,100.0,38.2,94.1,19.3,3.4,1
Bolton Wanderers,Paul Robinson,1,11,56,Back,35.6,94.1,41.1,71.6,16.4,5.1,0
Manchester City,David Silva,1,11,59,Right,60.6,20.7,64.0,8.0,9.3,5.1,1
Manchester City,Sergio Agüero,1,12,0,Right,63.9,8.0,56.1,12.9,8.8,2.8,1
Manchester City,David Silva,1,12,0,Center,56.1,12.9,56.8,23.7,7.4,1.5,1
Manchester City,Gareth Barry,1,12,1,Right,56.9,23.7,52.3,19.8,5.5,3.6,1
Manchester City,David Silva,1,12,2,Center,52.3,19.8,51.9,43.1,15.8,1.6,1
Manchester City,Gnegneri Yaya Touré,1,12,5,Back,48.2,38.5,45.3,16.8,15.1,4.5,1
Manchester City,Micah Richards,1,12,8,Back,47.0,13.3,49.5,17.6,3.9,0.8,1
Manchester City,Gnegneri Yaya Touré,1,12,9,Right,49.5,17.6,59.9,1.0,15.7,5.5,1
Manchester City,Sergio Agüero,1,12,11,Right,60.1,1.4,66.7,14.8,11.4,0.9,1
Manchester City,James Milner,1,12,12,Right,64.3,12.6,67.1,10.6,3.2,5.8,0
Manchester City,James Milner,1,12,15,Right,63.2,5.6,55.5,6.3,8.1,3.1,1
Manchester City,Micah Richards,1,12,17,Center,54.9,7.3,62.4,24.5,14.1,1.0,1
Manchester City,Gnegneri Yaya Touré,1,12,18,Center,60.9,26.6,56.8,46.0,13.9,1.9,1
Manchester City,David Silva,1,12,19,Center,57.4,48.1,71.9,70.1,21.3,0.8,1
Manchester City,Gareth Barry,1,12,22,Center,74.2,73.0,100.0,75.0,28.5,0.0,0
Bolton Wanderers,Jussi Jääskeläinen,1,12,51,Center,5.7,39.7,61.8,35.5,59.0,6.2,1
Bolton Wanderers,Kevin Davies,1,12,55,Center,61.8,35.5,75.6,33.8,14.5,6.2,0
Manchester City,Gareth Barry,1,12,57,Back,34.3,72.7,45.2,86.9,15.0,0.7,0
Bolton Wanderers,Grétar Steinsson,1,12,58,Right,58.0,12.6,69.6,9.2,12.4,6.1,1
Bolton Wanderers,Chris Eagles,1,12,59,Center,69.6,9.2,57.9,31.2,19.4,2.3,1
Bolton Wanderers,Fabrice Muamba,1,13,2,Back,55.9,38.0,44.0,44.7,13.3,2.8,1
Bolton Wanderers,Zat Knight,1,13,5,Left,44.0,47.5,54.4,94.5,33.8,1.2,1
Bolton Wanderers,Paul Robinson,1,13,8,Left,54.4,94.5,61.7,84.3,10.3,5.5,1
Bolton Wanderers,Martin Petrov,1,13,10,Back,60.4,82.2,38.3,77.6,23.4,3.3,1
Bolton Wanderers,Zat Knight,1,13,14,Back,36.0,75.1,14.3,52.0,27.7,3.7,1
Bolton Wanderers,Jussi Jääskeläinen,1,13,19,Center,13.4,50.0,69.6,22.0,62.0,6.0,1
Bolton Wanderers,Kevin Davies,1,13,23,Center,67.7,25.0,73.8,24.6,6.4,6.2,0
Manchester City,Joleon Lescott,1,13,25,Back,24.0,78.0,36.6,94.2,17.2,0.7,1
Manchester City,James Milner,1,13,26,Back,36.6,94.2,25.0,94.7,12.2,3.1,1
Manchester City,Aleksandar Kolarov,1,13,27,Center,25.4,94.5,57.6,75.5,36.2,5.9,0
Bolton Wanderers,Gary Cahill,1,13,29,Center,42.0,28.2,69.4,35.2,29.2,0.2,1
Bolton Wanderers,Ivan Klasnic,1,13,32,Right,69.3,31.9,64.1,14.8,12.8,4.3,1
Bolton Wanderers,Chris Eagles,1,13,34,Right,68.5,14.2,89.8,16.4,22.4,0.1,0
Manchester City,Joleon Lescott,1,13,35,Back,9.3,82.2,12.8,95.1,9.5,1.2,1
Manchester City,Aleksandar Kolarov,1,13,37,Back,10.5,98.4,13.9,98.4,3.6,0,0
Manchester City,Aleksandar Kolarov,1,13,53,Back,13.6,100.0,32.0,93.4,20.0,6.0,0
Bolton Wanderers,Grétar Steinsson,1,13,56,Right,62.9,10.5,58.4,2.2,7.4,4.0,0
Manchester City,James Milner,1,13,57,Back,34.3,97.8,44.2,78.5,16.7,5.4,1
Manchester City,Sergio Agüero,1,13,59,Back,46.4,71.8,43.9,60.0,8.4,4.4,1
Manchester City,David Silva,1,14,1,Back,43.9,60.0,39.6,70.1,8.2,2.2,1
Manchester City,Gareth Barry,1,14,2,Back,40.1,70.1,37.9,23.7,31.6,4.6,1
Manchester City,Micah Richards,1,14,4,Back,38.3,21.0,37.8,44.4,15.9,1.6,1
Manchester City,Gnegneri Yaya Touré,1,14,8,Back,39.2,41.9,45.7,30.7,10.2,5.4,1
Manchester City,David Silva,1,14,9,Back,45.7,30.7,39.4,12.0,14.3,4.2,1
Manchester City,Vincent Kompany,1,14,12,Right,41.0,9.8,56.2,1.7,16.9,6.0,1
Manchester City,Micah Richards,1,14,14,Back,56.0,3.9,45.3,14.8,13.5,2.6,1
Manchester City,Gnegneri Yaya Touré,1,14,17,Back,46.3,18.7,40.7,5.9,10.5,4.1,1
Manchester City,Vincent Kompany,1,14,21,Right,46.3,7.0,69.5,16.4,25.2,0.3,1
Manchester City,Sergio Agüero,1,14,25,Back,60.4,6.9,45.1,2.0,16.4,3.3,1
Manchester City,Vincent Kompany,1,14,27,Back,45.1,2.0,43.0,22.9,14.4,1.7,1
Manchester City,Gnegneri Yaya Touré,1,14,31,Center,46.3,35.1,64.0,47.4,20.4,0.4,1
Manchester City,James Milner,1,14,32,Center,64.0,47.4,70.2,44.6,6.8,6.0,1
Manchester City,David Silva,1,14,35,Center,72.8,59.8,94.9,72.7,24.8,0.4,1
Manchester City,Aleksandar Kolarov,1,14,37,Center,95.0,72.7,96.1,52.5,13.8,4.8,1
Bolton Wanderers,Gary Cahill,1,14,43,Back,9.5,49.4,38.6,90.9,41.6,0.7,1
Bolton Wanderers,Martin Petrov,1,14,48,Center,68.0,77.7,70.8,67.1,7.8,5.1,0
Manchester City,Joe Hart,1,14,56,Back,14.1,35.5,22.0,24.6,11.1,5.6,1
Manchester City,Vincent Kompany,1,14,58,Back,25.7,16.5,26.6,26.3,6.7,1.4,1
Manchester City,Gnegneri Yaya Touré,1,15,1,Back,31.5,24.6,9.3,35.1,24.4,2.8,1
Manchester City,Joe Hart,1,15,4,Back,10.3,33.7,25.6,4.4,25.6,5.4,1
Manchester City,Vincent Kompany,1,15,8,Back,28.3,8.7,30.7,43.8,24.0,1.5,1
Manchester City,Gnegneri Yaya Touré,1,15,19,Back,38.5,48.6,38.6,20.9,18.8,4.7,1
Manchester City,Vincent Kompany,1,15,23,Back,41.9,23.4,44.5,10.0,9.5,5.0,1
Manchester City,Gareth Barry,1,15,25,Back,44.4,15.0,48.0,27.4,9.2,1.1,1
Manchester City,David Silva,1,15,28,Center,55.9,40.2,59.4,69.5,20.3,1.4,1
Manchester City,Sergio Agüero,1,15,35,Center,63.4,87.8,54.9,69.0,15.6,4.1,1
Manchester City,Gnegneri Yaya Touré,1,15,39,Back,54.4,63.5,42.1,61.5,13.0,3.2,1
Manchester City,Vincent Kompany,1,15,41,Center,44.2,61.2,55.7,61.4,12.1,0.0,1
Manchester City,Gnegneri Yaya Touré,1,15,42,Back,55.6,61.4,43.9,86.3,20.9,2.2,1
Manchester City,Joleon Lescott,1,15,44,Center,43.9,86.3,65.8,68.5,26.0,5.8,1
Manchester City,David Silva,1,15,50,Center,74.6,65.9,76.5,50.2,10.9,4.9,1
Manchester City,Micah Richards,1,16,13,Right,65.3,0.0,58.2,1.6,7.7,2.9,1
Manchester City,Gareth Barry,1,16,16,Right,58.0,9.1,72.8,15.7,16.2,0.3,1
Manchester City,Edin Dzeko,1,16,23,Center,82.9,19.0,81.2,26.8,5.6,1.9,1
Bolton Wanderers,Jussi Jääskeläinen,1,16,51,Center,10.8,43.5,85.0,27.9,78.6,6.1,0
Manchester City,Aleksandar Kolarov,1,16,53,Back,17.6,78.3,6.8,67.4,13.5,3.7,1
Manchester City,Joe Hart,1,16,57,Back,14.3,56.5,19.7,28.8,19.7,5.0,1
Manchester City,Vincent Kompany,1,17,0,Back,25.3,25.6,41.8,24.0,17.4,6.2,1
Manchester City,David Silva,1,17,3,Back,38.5,24.8,40.2,2.0,15.6,4.8,1
Manchester City,Micah Richards,1,17,4,Back,40.2,4.2,38.9,25.6,14.6,1.7,1
Manchester City,David Silva,1,17,7,Back,41.6,26.0,36.3,41.7,12.0,2.1,1
Manchester City,Gnegneri Yaya Touré,1,17,9,Left,39.3,42.8,62.9,83.8,37.3,0.8,0
Bolton Wanderers,Chris Eagles,1,17,14,Back,36.5,10.0,41.3,24.5,11.1,1.1,1
Bolton Wanderers,Fabrice Muamba,1,17,15,Center,42.9,27.1,52.2,56.4,22.2,1.1,1
Bolton Wanderers,Nigel Reo-Coker,1,17,18,Center,52.2,56.4,63.6,70.7,15.4,0.7,1
Bolton Wanderers,Kevin Davies,1,17,20,Left,63.9,72.6,72.5,95.5,18.0,1.0,1
Bolton Wanderers,Martin Petrov,1,17,26,Left,77.7,91.1,71.7,80.4,9.6,4.0,1
Bolton Wanderers,Nigel Reo-Coker,1,17,29,Center,72.2,76.6,68.2,51.9,17.3,4.5,1
Bolton Wanderers,Fabrice Muamba,1,17,30,Center,68.2,53.9,61.1,77.2,17.5,2.0,1
Bolton Wanderers,Paul Robinson,1,17,32,Left,61.1,79.0,69.7,95.8,14.6,0.9,1
Bolton Wanderers,Martin Petrov,1,17,35,Left,72.4,96.6,75.0,89.9,5.3,5.3,0
Manchester City,Edin Dzeko,1,17,42,Center,69.7,18.9,69.6,66.7,32.5,1.6,1
Manchester City,James Milner,1,17,47,Center,74.6,54.2,85.9,24.3,23.5,5.2,1
Manchester City,Edin Dzeko,1,17,50,Center,92.9,25.2,92.3,54.2,19.7,1.6,1
Bolton Wanderers,Jussi Jääskeläinen,1,18,30,Center,5.7,39.1,62.6,29.3,60.1,6.2,1
Bolton Wanderers,Grétar Steinsson,1,19,7,Center,63.1,15.7,86.7,53.0,35.5,0.8,0
Manchester City,Joe Hart,1,19,12,Back,15.5,47.2,28.3,94.5,34.9,1.2,1
Manchester City,James Milner,1,19,15,Back,29.9,96.1,25.4,88.3,7.1,4.0,1
Manchester City,Gareth Barry,1,19,17,Left,24.7,88.9,54.3,89.5,31.1,0.0,1
Manchester City,James Milner,1,19,25,Center,57.9,90.8,84.2,56.1,36.3,5.6,1
Bolton Wanderers,Jussi Jääskeläinen,1,19,43,Back,10.8,44.1,39.4,11.1,37.5,5.6,1
Bolton Wanderers,Nigel Reo-Coker,1,19,44,Center,38.9,9.2,96.1,26.6,61.2,0.2,0
Manchester City,Joe Hart,1,19,48,Back,2.1,73.8,26.7,19.3,45.2,5.3,1
Manchester City,Vincent Kompany,1,19,54,Back,31.8,20.0,36.0,23.2,4.9,0.5,1
Manchester City,Gnegneri Yaya Touré,1,19,56,Back,36.4,23.2,31.8,2.8,14.7,4.4,1
Manchester City,Vincent Kompany,1,19,57,Back,31.8,2.8,10.7,39.4,33.3,2.3,1
Manchester City,Joe Hart,1,19,58,Back,10.8,39.3,16.0,70.2,21.7,1.3,1
Manchester City,Joleon Lescott,1,20,0,Back,19.3,67.9,26.9,45.0,17.5,5.2,1
Manchester City,Gnegneri Yaya Touré,1,20,6,Back,36.9,57.9,36.0,79.4,14.7,1.6,1
Manchester City,Gareth Barry,1,20,8,Left,38.4,81.3,54.9,83.6,17.4,0.1,1
Manchester City,James Milner,1,20,10,Back,49.0,87.7,37.4,88.9,12.2,3.1,1
Manchester City,Gareth Barry,1,20,12,Back,37.6,88.8,33.4,58.9,20.8,4.5,1
Manchester City,Joleon Lescott,1,20,14,Back,34.5,54.5,35.5,32.9,14.7,4.8,1
Manchester City,Vincent Kompany,1,20,18,Back,39.2,32.7,37.1,52.8,13.8,1.7,1
Manchester City,Joleon Lescott,1,20,21,Back,39.8,53.1,47.8,39.3,12.6,5.4,1
Manchester City,Gnegneri Yaya Touré,1,20,22,Back,47.7,39.3,35.8,52.5,15.4,2.5,1
Manchester City,Joleon Lescott,1,20,24,Center,38.0,58.1,61.6,54.5,24.9,6.2,1
Manchester City,James Milner,1,20,26,Center,61.5,54.5,63.7,62.5,5.9,1.2,0
Bolton Wanderers,Nigel Reo-Coker,1,20,27,Back,32.3,33.0,42.9,37.2,11.5,0.3,0
Manchester City,Gareth Barry,1,20,28,Center,57.2,62.1,73.7,69.5,18.0,0.3,1
Bolton Wanderers,Chris Eagles,1,20,38,Back,25.9,14.8,37.9,23.2,13.8,0.4,1
Bolton Wanderers,Jussi Jääskeläinen,1,21,9,Center,33.1,27.4,86.2,37.5,56.2,0.1,0
Bolton Wanderers,Martin Petrov,1,21,40,Center,99.2,0.5,92.0,44.7,31.0,1.8,0
Manchester City,Joe Hart,1,21,44,Right,15.2,35.4,93.0,3.4,84.5,6.0,0
Bolton Wanderers,Nigel Reo-Coker,1,21,59,Back,18.6,80.4,45.8,76.8,28.7,6.2,1
Bolton Wanderers,Ivan Klasnic,1,22,0,Back,45.8,76.8,37.8,83.6,9.6,2.6,1
Bolton Wanderers,Kevin Davies,1,22,2,Center,37.8,83.6,58.2,74.4,22.3,6.0,0
Manchester City,Gnegneri Yaya Touré,1,22,31,Back,46.0,23.2,41.1,73.4,34.5,1.7,1
Manchester City,Joleon Lescott,1,22,35,Center,44.4,69.8,57.6,69.6,13.9,6.3,1
Manchester City,James Milner,1,22,36,Back,57.3,69.5,40.9,67.3,17.3,3.2,1
Manchester City,Joleon Lescott,1,22,38,Left,45.4,71.0,52.8,93.1,16.9,1.1,1
Manchester City,James Milner,1,22,42,Center,63.6,83.2,74.8,76.0,12.7,5.9,1
Manchester City,Edin Dzeko,1,22,47,Back,64.4,73.4,49.4,71.5,15.8,3.2,1
Manchester City,Joleon Lescott,1,22,49,Back,48.4,68.4,40.6,41.6,20.0,4.3,1
Manchester City,Vincent Kompany,1,22,52,Back,40.6,41.4,44.3,81.1,27.3,1.4,1
Manchester City,Joleon Lescott,1,22,55,Left,44.3,81.1,53.7,91.7,12.2,0.6,1
Manchester City,Gareth Barry,1,22,59,Center,66.0,91.1,77.3,64.8,21.5,5.3,0
Manchester City,Joleon Lescott,1,23,6,Back,59.9,83.0,29.5,65.3,34.1,3.5,1
Manchester City,Vincent Kompany,1,23,9,Back,29.5,65.3,15.1,55.4,16.6,3.6,1
Manchester City,Joe Hart,1,23,12,Back,15.5,53.3,33.4,51.9,18.8,6.2,1
Manchester City,Gnegneri Yaya Touré,1,23,16,Center,46.7,47.4,59.2,34.0,16.0,5.7,1
Manchester City,David Silva,1,23,18,Back,59.2,34.0,48.1,48.3,15.2,2.4,1
Manchester City,Gnegneri Yaya Touré,1,23,21,Back,48.1,48.3,44.7,29.3,13.4,4.4,1
Manchester City,Vincent Kompany,1,23,23,Center,44.7,29.3,60.9,38.5,18.1,0.4,1
Manchester City,Gnegneri Yaya Touré,1,23,52,Center,58.7,42.1,58.4,77.7,24.2,1.6,1
Manchester City,Joleon Lescott,1,23,55,Left,62.8,83.2,77.2,83.9,15.1,0.0,1
Manchester City,James Milner,1,23,57,Center,77.7,83.9,67.0,69.3,15.0,3.9,1
Manchester City,Gareth Barry,1,23,59,Back,67.6,69.1,44.1,60.3,25.4,3.4,1
Manchester City,Vincent Kompany,1,24,3,Center,46.0,55.6,55.9,54.7,10.4,6.2,1
Manchester City,Gnegneri Yaya Touré,1,24,5,Back,56.1,54.5,39.9,58.1,17.2,3.0,1
Manchester City,Vincent Kompany,1,24,6,Back,40.2,59.7,44.4,78.6,13.6,1.2,1
Manchester City,Gareth Barry,1,24,9,Back,47.2,60.6,45.4,43.8,11.6,4.5,1
Bolton Wanderers,Fabrice Muamba,1,24,18,Center,41.0,31.6,62.4,48.0,25.1,0.5,1
Bolton Wanderers,Kevin Davies,1,24,22,Center,67.7,49.5,78.2,73.8,19.9,1.0,1
Bolton Wanderers,Chris Eagles,1,24,26,Center,87.1,75.4,75.7,76.0,12.0,3.1,1
Bolton Wanderers,Paul Robinson,1,24,29,Center,78.3,79.0,86.4,53.0,19.6,5.2,0
Manchester City,Edin Dzeko,1,24,38,Center,63.2,58.7,74.1,22.1,27.4,5.1,1
Manchester City,Micah Richards,1,25,5,Right,84.9,0.0,94.6,10.8,13.1,0.7,1
Manchester City,James Milner,1,25,8,Right,93.6,4.2,86.8,2.2,7.3,3.3,1
Manchester City,Micah Richards,1,25,11,Center,88.0,25.6,78.2,36.5,12.7,2.5,1
Bolton Wanderers,Ivan Klasnic,1,26,8,Center,48.0,51.7,51.6,47.4,4.8,5.6,1
Bolton Wanderers,Kevin Davies,1,26,14,Back,51.6,47.4,31.9,88.9,35.0,2.2,1
Bolton Wanderers,Paul Robinson,1,26,18,Left,38.0,88.5,57.2,93.4,20.4,0.2,1
Bolton Wanderers,Martin Petrov,1,26,18,Left,57.2,93.4,56.1,84.7,6.0,4.5,1
Bolton Wanderers,Ivan Klasnic,1,26,20,Left,56.1,84.7,72.5,95.0,18.6,0.4,1
Bolton Wanderers,Martin Petrov,1,26,23,Center,76.1,82.9,75.3,52.8,20.5,4.7,1
Bolton Wanderers,Fabrice Muamba,1,26,24,Center,75.3,51.1,95.6,52.3,21.3,0.0,0
Manchester City,Joe Hart,1,26,31,Back,15.5,53.7,21.7,89.2,25.0,1.3,1
Manchester City,James Milner,1,26,34,Back,19.1,89.4,2.2,65.6,24.0,3.9,1
Manchester City,Joe Hart,1,26,38,Left,2.2,65.6,60.2,85.7,62.4,0.2,0
Bolton Wanderers,Grétar Steinsson,1,26,43,Right,40.7,9.1,68.2,0.0,29.7,6.1,0
Manchester City,Aleksandar Kolarov,1,26,52,Back,35.8,100.0,31.9,72.6,19.8,4.5,1
Manchester City,Joleon Lescott,1,26,57,Back,31.7,65.9,29.2,44.2,15.0,4.5,1
Manchester City,Vincent Kompany,1,26,58,Back,28.9,44.1,34.2,43.8,5.6,6.2,1
Manchester City,Gnegneri Yaya Touré,1,27,0,Right,33.9,40.5,93.2,2.8,67.3,5.9,1
Manchester City,Sergio Agüero,1,27,11,Right,98.7,1.6,98.6,4.1,1.7,1.6,0
Manchester City,James Milner,1,27,37,Center,99.5,0.5,94.5,43.0,29.4,1.8,0
Manchester City,David Silva,1,27,42,Center,62.8,5.9,54.5,28.5,17.7,2.1,1
Manchester City,Gareth Barry,1,27,46,Center,57.6,39.6,97.2,38.5,41.6,6.3,0
Bolton Wanderers,Jussi Jääskeläinen,1,28,11,Right,10.1,59.8,70.5,14.2,70.6,5.8,1
Bolton Wanderers,Chris Eagles,1,28,13,Center,73.0,14.3,69.3,27.0,9.5,2.0,1
Manchester City,Gareth Barry,1,28,13,Back,29.7,72.3,23.1,72.0,6.9,3.2,1
Manchester City,Vincent Kompany,1,28,15,Back,23.2,71.8,44.1,60.9,23.2,6.0,1
Manchester City,Sergio Agüero,1,28,16,Center,44.1,60.9,56.6,58.3,13.2,6.1,0
Bolton Wanderers,Zat Knight,1,28,18,Right,45.1,41.0,97.3,18.9,56.8,6.0,0
Manchester City,Joe Hart,1,28,22,Back,5.3,77.2,9.5,92.8,11.5,1.2,1
Manchester City,Aleksandar Kolarov,1,28,25,Back,12.8,90.9,15.7,41.3,33.9,4.8,1
Manchester City,Vincent Kompany,1,28,29,Back,20.3,37.5,33.5,6.6,25.2,5.3,1
Manchester City,Micah Richards,1,28,31,Back,33.3,8.1,23.8,19.8,12.8,2.5,1
Manchester City,Vincent Kompany,1,28,33,Back,28.6,15.7,47.3,8.9,20.2,6.1,0
Bolton Wanderers,Paul Robinson,1,28,39,Back,35.9,98.0,11.5,63.1,34.9,3.9,1
Bolton Wanderers,Jussi Jääskeläinen,1,28,44,Left,10.4,59.8,53.7,100.0,53.4,0.6,0
Manchester City,Micah Richards,1,29,2,Center,52.0,0.0,71.6,25.6,27.4,0.7,0
Bolton Wanderers,Zat Knight,1,29,6,Back,26.7,75.8,32.9,60.1,12.5,5.3,0
Manchester City,Sergio Agüero,1,29,7,Center,66.2,39.9,59.7,71.0,22.2,1.9,1
Manchester City,Aleksandar Kolarov,1,29,9,Center,59.7,71.0,54.0,59.3,10.0,4.1,1
Manchester City,Gareth Barry,1,29,11,Center,57.1,62.1,60.7,41.4,14.6,5.0,1
Manchester City,David Silva,1,29,12,Center,60.7,41.6,54.6,61.7,15.1,2.0,1
Manchester City,Gareth Barry,1,29,14,Center,56.7,65.6,74.7,69.5,19.1,0.1,1
Manchester City,Sergio Agüero,1,29,15,Center,74.7,69.5,69.3,70.9,5.7,3.0,1
Manchester City,David Silva,1,29,16,Left,69.9,72.3,86.9,98.6,25.3,0.8,1
Manchester City,James Milner,1,29,22,Center,88.2,93.7,80.4,50.3,30.6,4.4,0
Bolton Wanderers,Kevin Davies,1,29,28,Back,23.1,49.1,34.5,24.0,20.8,5.3,1
Manchester City,Gareth Barry,1,29,30,Left,71.7,97.5,70.3,79.9,12.1,4.6,1
Manchester City,Joleon Lescott,1,29,31,Left,69.9,80.2,76.8,79.4,7.3,6.2,0
Bolton Wanderers,Fabrice Muamba,1,29,33,Back,33.2,20.0,37.0,8.6,8.7,5.2,1
Bolton Wanderers,Chris Eagles,1,29,34,Back,36.5,7.2,42.6,8.6,6.5,0.1,1
Bolton Wanderers,Grétar Steinsson,1,29,49,Back,34.9,0.0,47.3,7.5,14.2,0.4,0
Manchester City,Joleon Lescott,1,29,51,Back,29.5,92.2,30.3,79.1,8.9,4.8,0
Manchester City,Gareth Barry,1,29,54,Back,30.7,63.1,31.7,28.0,23.9,4.8,1
Manchester City,Micah Richards,1,29,58,Center,41.4,32.1,54.6,37.9,14.4,0.3,0
Manchester City,Edin Dzeko,1,30,4,Center,75.0,7.7,94.4,24.8,23.5,0.5,0
Bolton Wanderers,Jussi Jääskeläinen,1,30,38,Left,4.1,73.7,57.7,96.6,58.4,0.3,1
Bolton Wanderers,Zat Knight,1,31,2,Left,56.7,94.4,62.7,92.5,6.4,6.1,1
Bolton Wanderers,Paul Robinson,1,31,3,Left,59.8,91.4,71.1,95.8,12.2,0.2,1
Bolton Wanderers,Martin Petrov,1,31,4,Center,63.2,95.3,57.1,69.6,18.6,4.4,1
Bolton Wanderers,Nigel Reo-Coker,1,31,7,Center,56.6,66.0,87.0,29.6,40.4,5.6,0
Manchester City,Joe Hart,1,31,36,Back,13.2,64.8,22.6,41.6,18.6,5.3,1
Manchester City,Vincent Kompany,1,31,38,Back,22.1,53.9,31.1,53.1,9.5,6.2,1
Manchester City,Gnegneri Yaya Touré,1,31,39,Back,31.1,53.1,23.0,55.3,8.6,3.0,1
Manchester City,Vincent Kompany,1,31,40,Center,23.2,55.3,86.5,70.2,67.2,0.2,0
Bolton Wanderers,Jussi Jääskeläinen,1,31,51,Center,19.3,34.3,77.7,35.1,61.3,0.0,0
Manchester City,Joleon Lescott,1,31,54,Back,21.5,61.4,12.8,82.9,17.2,2.1,1
Manchester City,Aleksandar Kolarov,1,31,57,Back,12.7,91.3,15.9,91.6,3.4,0.1,0
Bolton Wanderers,Kevin Davies,1,32,2,Center,73.0,29.4,72.1,49.5,13.7,1.6,0
Manchester City,David Silva,1,32,3,Back,24.5,49.4,24.8,56.5,4.8,1.5,1
Manchester City,Gnegneri Yaya Touré,1,32,5,Back,24.5,56.5,47.6,48.6,24.8,6.1,1
Manchester City,Sergio Agüero,1,32,7,Back,46.8,54.4,33.5,51.4,14.1,3.3,1
Manchester City,Gnegneri Yaya Touré,1,32,10,Center,33.5,51.4,74.6,31.8,45.2,6.0,1
Manchester City,David Silva,1,32,17,Center,69.6,27.4,61.2,36.5,10.8,2.5,1
Manchester City,Gnegneri Yaya Touré,1,32,20,Right,62.4,34.7,57.3,19.8,11.5,4.2,1
Manchester City,Micah Richards,1,32,22,Center,57.0,19.8,56.7,38.8,12.9,1.6,1
Manchester City,Gnegneri Yaya Touré,1,32,24,Center,56.1,40.0,60.7,50.3,8.5,1.0,1
Manchester City,David Silva,1,32,25,Center,57.7,50.5,59.1,68.5,12.3,1.5,1
Manchester City,Gareth Barry,1,32,27,Center,59.1,68.5,72.5,54.5,17.0,5.7,1
Manchester City,James Milner,1,32,28,Center,72.5,54.5,72.3,43.9,7.2,4.7,1
Manchester City,Gnegneri Yaya Touré,1,32,29,Center,71.0,36.1,74.6,25.4,8.2,5.2,1
Manchester City,Sergio Agüero,1,32,31,Center,74.6,26.8,71.1,36.3,7.4,2.1,1
Manchester City,James Milner,1,32,33,Center,72.2,41.4,80.4,34.0,10.0,5.8,1
Manchester City,Gnegneri Yaya Touré,1,32,34,Center,80.4,34.1,74.3,34.7,6.4,3.1,1
Manchester City,James Milner,1,32,37,Center,96.8,19.6,96.7,51.7,21.8,1.6,0
Bolton Wanderers,Jussi Jääskeläinen,1,32,58,Center,15.0,41.9,77.2,45.0,65.3,0.0,0
Bolton Wanderers,Chris Eagles,1,33,4,Center,66.5,23.7,70.8,27.1,5.1,0.5,1
Bolton Wanderers,Kevin Davies,1,33,5,Center,70.8,27.1,76.0,37.4,8.9,0.9,1
Bolton Wanderers,Ivan Klasnic,1,33,7,Center,76.0,37.4,76.8,46.1,6.0,1.4,1
Bolton Wanderers,Chris Eagles,1,33,8,Center,76.8,46.1,76.5,37.5,5.9,4.7,1
Bolton Wanderers,Ivan Klasnic,1,33,10,Center,79.5,36.5,80.5,49.4,8.8,1.5,1
Bolton Wanderers,Chris Eagles,1,33,10,Center,80.5,49.4,83.6,46.4,3.8,5.7,0
Manchester City,Joe Hart,1,33,46,Center,23.9,58.6,73.7,75.2,53.5,0.2,0
Manchester City,Aleksandar Kolarov,1,33,52,Center,62.8,79.6,59.3,57.9,15.2,4.5,0
Bolton Wanderers,Nigel Reo-Coker,1,33,56,Right,41.7,36.9,69.2,17.6,31.7,5.9,0
Manchester City,Joleon Lescott,1,33,57,Back,29.7,76.6,32.7,67.4,7.0,5.2,1
Manchester City,Aleksandar Kolarov,1,33,59,Back,33.0,67.1,24.1,46.1,17.1,4.1,1
Manchester City,Vincent Kompany,1,34,2,Back,24.3,49.1,33.4,56.4,10.8,0.5,1
Manchester City,Gnegneri Yaya Touré,1,34,4,Back,37.9,64.6,39.0,74.8,7.0,1.4,1
Manchester City,Gareth Barry,1,34,6,Back,36.1,75.2,40.2,96.4,15.0,1.3,1
Manchester City,Aleksandar Kolarov,1,34,8,Center,40.3,96.2,56.6,65.9,26.8,5.4,1
Manchester City,Edin Dzeko,1,34,10,Center,56.7,65.7,85.8,73.0,31.0,0.2,0
Bolton Wanderers,Jussi Jääskeläinen,1,34,20,Center,20.7,27.4,75.0,50.9,59.2,0.3,0
Manchester City,Vincent Kompany,1,34,23,Back,28.5,46.3,14.3,47.5,14.9,3.1,1
Manchester City,Joe Hart,1,34,35,Center,15.6,40.5,68.5,62.8,57.6,0.3,0
Bolton Wanderers,Gary Cahill,1,34,40,Back,33.4,38.2,37.3,41.1,4.5,0.4,1
Bolton Wanderers,Nigel Reo-Coker,1,34,41,Back,37.3,41.1,41.3,33.5,6.7,5.4,1
Bolton Wanderers,Fabrice Muamba,1,34,42,Back,42.0,30.1,39.9,41.7,8.2,1.8,1
Manchester City,Gnegneri Yaya Touré,1,34,43,Center,55.2,49.7,63.0,47.5,8.3,6.1,1
Bolton Wanderers,Nigel Reo-Coker,1,34,43,Back,39.3,41.1,43.9,41.6,4.8,0.1,0
Manchester City,James Milner,1,34,44,Center,63.1,47.7,68.3,53.9,6.9,0.7,1
Manchester City,Edin Dzeko,1,34,54,Center,95.5,77.9,92.8,47.7,20.7,4.6,1
Bolton Wanderers,Jussi Jääskeläinen,1,35,25,Center,5.8,38.5,60.9,30.7,58.1,6.2,1
Manchester City,Gareth Barry,1,35,27,Back,33.9,71.3,32.6,60.9,7.2,4.5,1
Bolton Wanderers,Kevin Davies,1,35,27,Center,61.3,31.2,69.8,33.2,9.0,0.2,0
Manchester City,Gnegneri Yaya Touré,1,35,28,Back,32.3,62.5,37.9,97.6,24.6,1.3,1
Bolton Wanderers,Grétar Steinsson,1,35,43,Right,60.3,0.0,76.1,10.8,18.5,0.5,1
Bolton Wanderers,Kevin Davies,1,35,46,Right,76.1,10.8,78.9,20.0,6.9,1.1,1
Manchester City,Sergio Agüero,1,35,51,Back,34.7,39.1,40.5,46.9,8.1,0.7,1
Manchester City,David Silva,1,35,52,Center,47.6,43.0,58.6,25.7,16.5,5.5,1
Manchester City,Sergio Agüero,1,35,57,Center,75.5,21.8,84.5,35.2,13.1,0.8,0
Manchester City,Sergio Agüero,1,36,3,Right,80.7,1.0,97.8,20.3,22.2,0.6,1
Manchester City,Gareth Barry,1,36,6,Center,98.1,21.4,88.9,25.2,10.0,2.9,0
Bolton Wanderers,Paul Robinson,1,36,9,Back,9.3,73.4,21.0,94.7,19.0,0.9,1
Bolton Wanderers,Martin Petrov,1,36,12,Back,22.6,96.4,38.7,95.4,16.9,6.2,0
Manchester City,Joleon Lescott,1,36,15,Center,44.3,23.4,53.9,24.0,10.1,0.0,1
Manchester City,Gnegneri Yaya Touré,1,36,16,Center,53.9,24.0,50.8,40.2,11.5,1.9,1
Manchester City,James Milner,1,36,19,Right,64.2,34.9,96.6,18.2,35.9,6.0,1
Manchester City,Micah Richards,1,36,24,Center,96.0,21.2,86.1,21.2,10.4,3.1,1
Manchester City,James Milner,1,36,26,Center,86.1,21.2,95.2,45.6,19.1,1.0,0
Manchester City,James Milner,1,36,30,Center,97.4,25.6,97.9,35.4,6.7,1.5,0
Manchester City,James Milner,1,36,55,Center,99.7,0.5,74.2,42.1,39.0,2.3,1
Bolton Wanderers,Ivan Klasnic,1,37,51,Center,48.3,51.2,51.1,48.6,3.4,5.7,1
Bolton Wanderers,Kevin Davies,1,37,55,Back,51.1,48.6,41.1,38.3,12.6,3.7,1
Bolton Wanderers,Fabrice Muamba,1,37,58,Back,41.1,38.3,26.5,36.5,15.4,3.2,1
Bolton Wanderers,Gary Cahill,1,37,59,Back,24.0,36.8,9.0,41.9,16.1,2.9,1
Bolton Wanderers,Jussi Jääskeläinen,1,38,3,Center,7.7,32.1,64.5,35.2,59.7,0.0,1
Bolton Wanderers,Chris Eagles,1,38,33,Center,59.7,17.9,87.5,58.7,40.3,0.8,0
Manchester City,David Silva,1,38,40,Back,37.0,41.7,35.7,63.2,14.7,1.7,0
Bolton Wanderers,Chris Eagles,1,38,44,Center,67.6,46.6,72.7,52.5,6.7,0.6,1
Bolton Wanderers,Gary Cahill,1,38,47,Center,73.0,47.7,64.9,45.6,8.6,3.3,1
Bolton Wanderers,Nigel Reo-Coker,1,38,50,Left,65.9,46.6,90.4,92.8,40.6,0.9,1
Bolton Wanderers,Martin Petrov,1,38,53,Center,94.8,93.4,91.6,57.3,24.8,4.6,1
Manchester City,Edin Dzeko,1,39,37,Center,50.1,49.2,52.6,47.7,2.8,5.9,1
Manchester City,Sergio Agüero,1,39,38,Back,52.6,47.7,34.2,45.5,19.4,3.2,1
Manchester City,Gareth Barry,1,39,40,Back,34.2,45.2,32.1,11.7,22.9,4.6,1
Manchester City,Micah Richards,1,39,40,Back,32.1,11.7,25.3,23.8,10.9,2.3,1
Manchester City,Vincent Kompany,1,39,41,Back,25.3,23.8,8.8,39.4,20.3,2.6,1
Manchester City,Joe Hart,1,39,43,Right,9.8,33.8,61.4,0.0,59.1,5.9,0
Bolton Wanderers,Paul Robinson,1,39,51,Back,39.8,100.0,42.9,84.9,11.6,5.0,1
Bolton Wanderers,Nigel Reo-Coker,1,39,53,Back,43.0,89.4,28.0,88.0,15.8,3.2,1
Bolton Wanderers,Zat Knight,1,39,57,Back,25.6,84.4,10.3,63.1,21.6,3.9,1
Bolton Wanderers,Jussi Jääskeläinen,1,40,1,Left,10.3,63.1,57.9,89.9,53.2,0.3,1
Bolton Wanderers,Jussi Jääskeläinen,1,40,33,Center,31.3,48.1,87.3,76.2,61.8,0.3,0
Manchester City,Micah Richards,1,40,38,Center,13.8,21.5,56.6,59.7,51.9,0.5,1
Bolton Wanderers,Zat Knight,1,41,26,Center,44.4,42.5,89.0,70.9,50.7,0.4,0
Manchester City,Joe Hart,1,41,42,Center,13.5,38.6,73.0,25.4,63.1,6.1,0
Bolton Wanderers,Martin Petrov,1,41,59,Back,28.8,92.5,28.8,81.4,7.5,4.7,1
Bolton Wanderers,Nigel Reo-Coker,1,42,1,Back,28.8,81.4,39.7,81.6,11.4,0.0,1
Manchester City,Micah Richards,1,42,2,Right,53.1,12.2,60.9,10.0,8.3,6.1,0
Bolton Wanderers,Kevin Davies,1,42,2,Back,39.7,81.6,43.4,88.0,5.8,0.8,0
Bolton Wanderers,Kevin Davies,1,42,4,Back,39.8,90.8,27.7,96.2,13.2,2.9,1
Bolton Wanderers,Paul Robinson,1,42,5,Back,27.7,96.2,33.5,78.6,13.4,5.2,1
Bolton Wanderers,Nigel Reo-Coker,1,42,20,Left,42.7,73.5,53.5,97.2,19.7,1.0,1
Bolton Wanderers,Paul Robinson,1,42,23,Back,54.5,97.0,38.8,93.0,16.7,3.3,1
Bolton Wanderers,Zat Knight,1,42,26,Left,38.9,93.6,58.5,90.5,20.7,6.2,1
Bolton Wanderers,Ivan Klasnic,1,42,31,Left,66.8,94.5,61.6,97.0,5.7,2.8,1
Bolton Wanderers,Martin Petrov,1,42,33,Center,63.1,94.1,57.0,72.1,16.3,4.3,1
Bolton Wanderers,Nigel Reo-Coker,1,42,34,Center,57.0,72.1,55.1,61.4,7.5,4.4,1
Bolton Wanderers,Fabrice Muamba,1,42,36,Center,55.2,58.4,55.4,55.4,2.1,4.8,0
Manchester City,James Milner,1,42,40,Center,47.1,53.3,85.8,64.9,41.4,0.2,0
Bolton Wanderers,Grétar Steinsson,1,43,3,Back,16.7,0.0,37.0,5.5,21.8,0.2,0
Manchester City,Joleon Lescott,1,43,3,Left,60.3,96.7,66.1,82.2,11.6,5.3,0
Bolton Wanderers,Fabrice Muamba,1,43,6,Back,29.6,19.8,39.7,21.4,10.7,0.1,0
Manchester City,Gareth Barry,1,43,33,Center,64.4,82.4,61.4,65.6,11.9,4.4,1
Manchester City,Gnegneri Yaya Touré,1,43,36,Center,61.4,65.6,75.9,68.2,15.3,0.1,1
Manchester City,James Milner,1,44,16,Left,73.7,80.5,100.0,80.0,29.0,6.3,0
Bolton Wanderers,Jussi Jääskeläinen,1,44,39,Center,5.0,37.0,64.4,37.9,62.4,0.0,1
Bolton Wanderers,Martin Petrov,1,45,22,Center,64.2,31.3,91.4,55.1,32.8,0.5,0
Manchester City,Joe Hart,1,46,23,Center,8.6,40.7,73.1,30.9,68.1,6.2,0
Bolton Wanderers,Zat Knight,1,46,27,Back,28.1,79.4,37.2,94.5,14.0,0.8,1
Bolton Wanderers,Martin Petrov,1,46,28,Back,37.2,94.5,35.5,83.3,7.8,4.5,1
Bolton Wanderers,Nigel Reo-Coker,1,46,30,Back,32.9,83.6,40.7,85.3,8.3,0.1,1
Bolton Wanderers,Ivan Klasnic,1,46,32,Back,41.4,85.8,33.1,91.9,9.7,2.7,0
Manchester City,David Silva,1,46,32,Right,61.9,8.7,53.4,5.5,9.2,3.4,1
Manchester City,Micah Richards,1,46,34,Center,53.4,5.5,70.2,21.4,20.7,0.5,1
Manchester City,James Milner,1,46,42,Center,88.6,8.7,95.9,61.8,36.9,1.4,1
Manchester City,Sergio Agüero,1,46,45,Center,97.1,62.0,95.2,57.9,3.4,4.1,0
Bolton Wanderers,Jussi Jääskeläinen,1,47,7,Center,18.8,39.6,74.5,34.6,58.6,6.2,0
Bolton Wanderers,Kevin Davies,2,45,1,Center,48.6,48.1,52.3,52.2,4.8,0.6,1
Bolton Wanderers,Ivan Klasnic,2,45,2,Back,52.3,52.2,45.9,55.0,7.0,2.9,1
Bolton Wanderers,Nigel Reo-Coker,2,45,4,Back,45.9,55.0,36.7,79.0,19.0,2.1,1
Bolton Wanderers,Paul Robinson,2,45,6,Back,36.7,80.5,46.9,94.1,14.2,0.7,1
Bolton Wanderers,Martin Petrov,2,45,7,Back,46.9,94.1,36.4,86.7,12.1,3.6,1
Bolton Wanderers,Paul Robinson,2,45,8,Left,36.4,86.7,59.7,84.4,24.5,6.2,1
Bolton Wanderers,Ivan Klasnic,2,45,9,Left,59.7,84.4,59.1,95.9,7.8,1.7,1
Bolton Wanderers,Martin Petrov,2,45,10,Left,59.1,95.9,60.2,85.8,7.0,4.9,1
Bolton Wanderers,Ivan Klasnic,2,45,11,Left,60.2,85.8,69.9,100.0,14.6,0.8,0
Manchester City,Micah Richards,2,45,23,Right,29.8,0.0,56.2,10.6,28.8,0.3,1
Bolton Wanderers,Gary Cahill,2,45,28,Back,29.9,83.0,35.2,94.7,9.7,1.0,1
Bolton Wanderers,Paul Robinson,2,45,29,Back,37.4,94.2,29.2,80.7,12.6,4.0,1
Bolton Wanderers,Gary Cahill,2,45,30,Back,29.2,80.7,34.3,97.0,12.3,1.1,1
Bolton Wanderers,Paul Robinson,2,45,31,Back,34.3,97.0,25.3,83.8,13.0,3.9,1
Bolton Wanderers,Zat Knight,2,45,34,Center,25.7,78.3,71.8,66.8,49.0,6.1,0
Manchester City,Vincent Kompany,2,45,37,Back,27.3,33.3,40.1,23.7,14.9,5.8,0
Bolton Wanderers,Martin Petrov,2,45,39,Center,59.8,83.3,56.5,63.5,13.9,4.5,1
Bolton Wanderers,Nigel Reo-Coker,2,45,41,Center,55.1,60.1,54.5,45.6,9.9,4.6,1
Bolton Wanderers,Fabrice Muamba,2,45,44,Back,53.0,48.6,39.9,48.1,13.8,3.2,1
Bolton Wanderers,Gary Cahill,2,45,46,Left,39.9,48.1,55.2,88.5,31.8,1.0,1
Bolton Wanderers,Paul Robinson,2,45,48,Left,56.0,95.6,65.2,96.6,9.7,0.1,1
Bolton Wanderers,Martin Petrov,2,45,50,Left,65.2,96.6,68.2,83.8,9.3,5.1,1
Bolton Wanderers,Kevin Davies,2,45,52,Left,68.2,83.8,78.2,85.0,10.5,0.1,0
Manchester City,Micah Richards,2,45,55,Back,21.7,8.3,42.4,22.4,23.8,0.4,0
Bolton Wanderers,Nigel Reo-Coker,2,45,59,Left,57.4,74.0,80.7,83.8,25.4,0.3,1
Manchester City,Joe Hart,2,46,27,Center,6.5,15.9,65.9,31.6,63.3,0.2,0
Bolton Wanderers,Zat Knight,2,46,32,Back,33.3,72.6,45.7,69.6,13.2,6.1,0
Manchester City,Gnegneri Yaya Touré,2,46,32,Center,52.7,34.9,64.4,45.6,14.3,0.5,1
Manchester City,James Milner,2,46,34,Center,64.0,45.5,76.5,28.0,17.7,5.5,1
Bolton Wanderers,Ivan Klasnic,2,47,32,Center,49.0,48.4,52.6,52.0,4.5,0.6,1
Bolton Wanderers,Martin Petrov,2,47,35,Back,52.6,52.0,46.3,48.1,7.1,3.5,1
Bolton Wanderers,Nigel Reo-Coker,2,47,36,Back,46.3,48.1,33.4,7.2,30.9,4.3,1
Bolton Wanderers,Grétar Steinsson,2,47,39,Center,34.7,7.0,70.4,26.6,39.8,0.3,1
Bolton Wanderers,Kevin Davies,2,47,42,Center,70.4,26.6,74.6,36.9,8.3,1.0,1
Manchester City,Gareth Barry,2,47,44,Center,26.7,70.7,51.5,51.2,29.2,5.8,0
Bolton Wanderers,Gary Cahill,2,48,7,Center,47.6,55.3,85.3,27.7,43.8,5.8,0
Manchester City,Joleon Lescott,2,48,9,Back,18.0,71.6,30.3,77.2,13.5,0.3,1
Manchester City,James Milner,2,48,13,Left,44.1,88.6,58.3,93.6,15.3,0.2,1
Manchester City,Sergio Agüero,2,48,18,Back,42.6,79.1,43.9,95.8,11.4,1.5,1
Manchester City,Gareth Barry,2,48,20,Left,43.9,95.9,60.1,82.1,19.4,5.8,1
Manchester City,David Silva,2,48,21,Center,60.1,82.1,55.9,76.0,6.1,3.9,1
Manchester City,Sergio Agüero,2,48,23,Left,55.9,76.0,62.6,84.6,9.1,0.7,1
Bolton Wanderers,Chris Eagles,2,48,28,Right,43.8,5.8,59.1,16.5,17.6,0.4,1
Bolton Wanderers,Ivan Klasnic,2,48,29,Back,59.1,16.5,47.3,16.4,12.4,3.1,1
Bolton Wanderers,Nigel Reo-Coker,2,48,32,Right,47.3,16.4,61.0,15.9,14.4,6.3,1
Manchester City,Gareth Barry,2,48,33,Back,32.2,77.7,23.9,82.1,9.2,2.8,1
Manchester City,Joleon Lescott,2,48,34,Back,23.9,82.1,36.6,85.2,13.5,0.2,1
Manchester City,Aleksandar Kolarov,2,48,35,Back,39.3,85.2,47.1,87.5,8.3,0.2,1
Manchester City,David Silva,2,48,37,Left,52.0,89.5,80.7,81.8,30.6,6.1,1
Bolton Wanderers,Grétar Steinsson,2,48,47,Back,14.1,26.5,24.8,24.6,11.3,6.2,1
Bolton Wanderers,Nigel Reo-Coker,2,48,49,Back,24.8,24.6,31.8,18.4,8.5,5.8,1
Bolton Wanderers,Chris Eagles,2,48,51,Back,33.1,17.5,42.4,6.4,12.3,5.6,1
Bolton Wanderers,Nigel Reo-Coker,2,48,56,Center,44.3,11.2,53.3,42.5,23.3,1.2,0
Manchester City,Gnegneri Yaya Touré,2,48,59,Back,38.8,58.4,43.3,67.7,7.9,0.9,1
Manchester City,Gareth Barry,2,49,0,Back,43.3,67.7,41.0,59.5,6.1,4.3,1
Manchester City,Gnegneri Yaya Touré,2,49,1,Center,41.0,59.5,58.2,60.9,18.1,0.1,1
Manchester City,Sergio Agüero,2,49,13,Center,85.6,32.7,78.0,41.3,9.9,2.5,1
Manchester City,David Silva,2,49,16,Center,76.6,46.6,79.3,71.0,16.8,1.4,1
Bolton Wanderers,Jussi Jääskeläinen,2,49,29,Back,11.3,59.8,29.3,85.7,25.8,0.8,1
Bolton Wanderers,Paul Robinson,2,49,33,Back,35.9,86.4,40.5,68.8,12.9,5.1,1
Bolton Wanderers,Nigel Reo-Coker,2,49,45,Back,36.8,77.6,44.4,100.0,17.9,1.1,0
Manchester City,Micah Richards,2,49,59,Right,58.0,0.0,68.2,8.3,12.5,0.5,1
Manchester City,Edin Dzeko,2,50,0,Right,68.2,8.3,62.0,1.9,7.8,3.7,1
Manchester City,Micah Richards,2,50,2,Right,61.8,2.0,64.1,20.7,12.9,1.4,1
Manchester City,David Silva,2,50,3,Right,63.4,20.7,61.1,17.6,3.2,3.9,1
Manchester City,Edin Dzeko,2,50,4,Left,57.4,29.1,53.0,82.2,36.4,1.7,1
Manchester City,Aleksandar Kolarov,2,50,8,Center,57.7,86.3,71.1,55.5,25.2,5.3,1
Bolton Wanderers,Nigel Reo-Coker,2,50,13,Back,32.4,46.0,48.2,48.8,16.7,0.1,1
Manchester City,Gareth Barry,2,50,17,Center,56.5,46.6,69.5,57.9,15.7,0.5,1
Manchester City,James Milner,2,50,20,Center,75.9,60.1,77.2,77.6,12.0,1.5,1
Bolton Wanderers,Chris Eagles,2,50,29,Back,37.9,58.9,44.3,68.2,9.2,0.8,1
Bolton Wanderers,Kevin Davies,2,50,36,Left,54.9,68.1,58.4,91.6,16.4,1.3,1
Bolton Wanderers,Martin Petrov,2,50,38,Left,59.7,92.3,56.9,79.1,9.4,4.4,1
Bolton Wanderers,Chris Eagles,2,50,40,Back,52.6,80.0,47.0,71.8,8.1,3.9,1
Bolton Wanderers,Nigel Reo-Coker,2,50,42,Left,47.0,71.8,58.5,90.2,17.4,0.8,1
Bolton Wanderers,Paul Robinson,2,50,45,Left,62.4,90.6,71.4,95.3,10.0,0.3,1
Bolton Wanderers,Martin Petrov,2,50,48,Left,73.1,95.1,64.6,79.7,13.8,4.0,1
Bolton Wanderers,Chris Eagles,2,50,50,Center,64.6,79.7,65.9,64.3,10.6,4.8,1
Bolton Wanderers,Nigel Reo-Coker,2,50,52,Center,65.9,64.3,73.7,54.0,10.8,5.6,1
Bolton Wanderers,Ivan Klasnic,2,50,53,Center,73.7,54.0,68.3,66.8,10.4,2.1,1
Bolton Wanderers,Chris Eagles,2,50,56,Left,62.8,76.2,65.9,93.3,12.1,1.3,1
Bolton Wanderers,Paul Robinson,2,51,0,Left,67.2,92.0,83.0,86.7,17.0,6.1,1
Bolton Wanderers,Martin Petrov,2,51,1,Left,83.0,86.7,79.6,94.5,6.4,2.2,1
Bolton Wanderers,Chris Eagles,2,51,4,Left,78.5,84.9,72.5,95.9,9.8,2.3,1
Bolton Wanderers,Paul Robinson,2,51,5,Left,72.5,95.9,82.5,97.3,10.5,0.1,1
Bolton Wanderers,Martin Petrov,2,51,6,Left,82.5,97.3,79.3,88.1,7.1,4.2,1
Bolton Wanderers,Chris Eagles,2,51,7,Center,79.3,88.1,77.7,66.5,14.8,4.6,1
Bolton Wanderers,Ivan Klasnic,2,51,10,Center,77.7,66.5,89.5,73.2,13.2,0.4,1
Manchester City,Joe Hart,2,51,39,Center,4.8,48.1,70.6,29.4,70.3,6.1,0
Manchester City,Micah Richards,2,51,58,Right,71.5,0.0,72.5,16.4,11.9,1.5,1
Manchester City,Edin Dzeko,2,52,0,Right,72.5,16.4,67.1,0.0,13.4,4.3,0
Bolton Wanderers,Paul Robinson,2,52,14,Left,40.2,100.0,63.9,90.8,25.8,6.0,1
Bolton Wanderers,Kevin Davies,2,52,16,Left,63.9,90.8,65.9,96.1,4.2,1.0,1
Bolton Wanderers,Martin Petrov,2,52,19,Center,68.1,95.3,69.4,78.3,11.6,4.8,0
Manchester City,Gareth Barry,2,52,25,Back,50.2,40.0,47.1,58.7,13.1,1.8,1
Manchester City,James Milner,2,52,31,Center,55.5,61.4,53.6,55.4,4.5,4.3,1
Manchester City,Gnegneri Yaya Touré,2,52,33,Center,54.1,60.1,70.8,54.5,17.9,6.1,1
Manchester City,Edin Dzeko,2,52,34,Center,70.3,54.4,72.5,48.6,4.6,5.2,1
Bolton Wanderers,Jussi Jääskeläinen,2,52,57,Center,5.8,59.0,68.0,31.0,68.0,6.0,1
Bolton Wanderers,Ivan Klasnic,2,53,0,Right,71.6,26.5,69.9,8.9,12.1,4.6,1
Bolton Wanderers,Chris Eagles,2,53,4,Center,88.4,3.8,97.1,47.7,31.2,1.3,0
Bolton Wanderers,Gary Cahill,2,53,45,Center,42.0,31.2,89.4,61.1,53.8,0.4,0
Manchester City,Gareth Barry,2,53,48,Back,23.5,47.7,27.9,47.7,4.6,0,1
Manchester City,James Milner,2,53,49,Back,28.2,47.4,27.9,38.6,6.0,4.7,1
Manchester City,David Silva,2,53,51,Back,28.2,31.8,28.1,38.0,4.2,1.6,1
Manchester City,David Silva,2,53,54,Back,28.3,44.6,31.4,34.0,7.9,5.1,1
Bolton Wanderers,Nigel Reo-Coker,2,53,55,Center,71.7,50.5,71.9,53.3,1.9,1.5,0
Manchester City,James Milner,2,53,55,Center,31.6,34.0,50.8,53.1,24.0,0.6,1
Manchester City,Gareth Barry,2,53,58,Center,51.9,54.0,54.4,78.0,16.5,1.4,1
Manchester City,Sergio Agüero,2,54,1,Left,58.1,76.3,62.7,86.3,8.3,1.0,1
Manchester City,David Silva,2,54,4,Center,70.6,77.1,96.3,77.4,27.0,0.0,1
Manchester City,Aleksandar Kolarov,2,54,7,Center,96.3,77.4,100.0,34.4,29.6,4.9,0
Bolton Wanderers,Jussi Jääskeläinen,2,54,28,Center,5.7,60.7,65.5,64.8,62.9,0.0,1
Bolton Wanderers,Kevin Davies,2,54,31,Center,65.5,64.8,74.0,52.5,12.2,5.5,0
Bolton Wanderers,Kevin Davies,2,54,33,Back,68.6,57.2,46.3,45.2,24.8,3.5,1
Bolton Wanderers,Gary Cahill,2,54,36,Center,46.7,44.9,57.2,25.6,17.1,5.4,1
Bolton Wanderers,Chris Eagles,2,54,42,Right,59.6,21.2,74.7,4.7,19.4,5.7,1
Bolton Wanderers,Grétar Steinsson,2,54,48,Right,83.7,3.1,86.2,10.1,5.4,1.1,0
Bolton Wanderers,Chris Eagles,2,55,9,Center,99.6,0.6,86.7,64.3,45.4,1.9,1
Manchester City,Joe Hart,2,55,42,Center,10.7,40.3,65.7,27.6,58.4,6.1,0
Bolton Wanderers,Nigel Reo-Coker,2,55,47,Left,37.9,88.1,72.0,100.0,37.0,0.3,0
Manchester City,Micah Richards,2,56,8,Center,26.8,0.0,59.8,23.4,38.6,0.5,0
Bolton Wanderers,Zat Knight,2,56,11,Center,35.6,71.6,63.7,65.1,29.8,6.1,0
Manchester City,Gnegneri Yaya Touré,2,56,12,Back,39.4,33.5,47.0,33.2,8.0,6.3,0
Bolton Wanderers,Nigel Reo-Coker,2,56,14,Center,53.7,62.0,54.0,52.8,6.3,4.8,0
Manchester City,Gnegneri Yaya Touré,2,56,15,Center,46.8,41.7,65.4,35.7,20.0,6.1,1
Manchester City,David Silva,2,57,2,Center,67.6,32.4,89.9,68.4,33.9,0.8,1
Manchester City,Vincent Kompany,2,57,5,Center,89.9,68.4,100.0,61.4,12.4,5.9,0
Bolton Wanderers,Jussi Jääskeläinen,2,57,24,Right,5.7,39.3,65.8,16.4,65.0,6.0,0
Manchester City,Gareth Barry,2,57,28,Back,34.4,84.7,46.3,74.0,14.5,5.8,0
Bolton Wanderers,Fabrice Muamba,2,57,30,Right,56.0,15.4,64.0,4.7,11.1,5.6,1
Bolton Wanderers,Chris Eagles,2,57,32,Right,64.0,4.7,69.4,10.1,6.8,0.6,0
Manchester City,Gareth Barry,2,57,33,Back,35.5,95.0,39.8,95.1,4.5,0.0,1
Manchester City,Aleksandar Kolarov,2,57,51,Back,41.1,96.9,25.9,43.1,39.9,4.3,1
Manchester City,Vincent Kompany,2,57,55,Back,25.9,43.0,29.6,79.7,25.3,1.4,1
Manchester City,Joleon Lescott,2,57,57,Back,29.6,79.7,37.4,97.0,14.3,1.0,1
Manchester City,Aleksandar Kolarov,2,58,0,Left,37.4,97.0,58.4,86.9,23.1,6.0,1
Manchester City,Edin Dzeko,2,58,2,Left,59.3,86.7,53.6,94.2,7.9,2.4,1
Manchester City,James Milner,2,58,2,Left,53.6,94.1,72.8,82.1,21.7,5.9,1
Manchester City,David Silva,2,58,11,Center,98.4,74.8,96.4,69.0,4.5,4.2,0
Manchester City,David Silva,2,58,30,Left,99.5,99.5,91.8,80.4,15.3,4.2,1
Manchester City,James Milner,2,58,32,Left,90.9,80.4,90.8,93.6,9.0,1.6,1
Manchester City,David Silva,2,58,34,Left,92.0,82.7,83.9,81.3,8.6,3.3,1
Manchester City,James Milner,2,58,36,Center,80.0,75.5,92.3,46.4,23.6,5.3,1
Bolton Wanderers,Jussi Jääskeläinen,2,59,25,Center,5.6,61.8,74.9,66.2,72.8,0.0,1
Bolton Wanderers,Kevin Davies,2,59,28,Center,74.9,66.2,81.0,72.4,7.7,0.6,0
Manchester City,Vincent Kompany,2,59,30,Back,20.3,29.1,26.8,14.2,12.2,5.3,1
Manchester City,David Silva,2,59,33,Back,17.2,4.2,35.4,50.3,36.7,1.0,0
Bolton Wanderers,Mark Davies,2,59,38,Center,64.4,44.7,68.7,38.5,6.2,5.5,1
Bolton Wanderers,Chris Eagles,2,59,40,Center,65.9,49.7,73.7,45.5,8.7,5.9,1
Bolton Wanderers,Ivan Klasnic,2,59,42,Center,73.7,45.5,68.5,48.3,5.8,2.8,0
Manchester City,Gnegneri Yaya Touré,2,59,43,Back,34.4,51.1,45.2,59.3,12.6,0.5,1
Manchester City,Sergio Agüero,2,59,44,Back,45.2,59.3,46.8,60.6,1.9,0.5,0
Manchester City,James Milner,2,59,48,Left,68.7,87.8,86.6,87.8,18.8,0,1
Manchester City,Aleksandar Kolarov,2,59,51,Center,87.4,87.2,91.1,62.5,17.2,4.9,0
Manchester City,David Silva,2,60,24,Right,99.8,0.8,96.6,5.5,4.6,2.4,1
Manchester City,James Milner,2,60,26,Center,97.8,30.2,94.4,55.3,17.4,1.8,0
Manchester City,David Silva,2,61,0,Left,99.7,99.4,96.9,95.8,3.8,3.8,1
Manchester City,James Milner,2,61,1,Left,96.9,95.8,89.4,96.4,7.9,3.1,1
Manchester City,David Silva,2,61,2,Center,88.6,96.4,90.9,76.3,13.9,4.9,1
Manchester City,Aleksandar Kolarov,2,61,4,Center,96.5,78.5,96.6,75.7,1.9,4.8,0
Manchester City,Aleksandar Kolarov,2,61,6,Left,93.2,87.1,87.8,87.1,5.7,3.1,1
Manchester City,David Silva,2,61,8,Left,87.8,87.1,70.2,80.4,19.0,3.4,1
Manchester City,James Milner,2,61,11,Center,70.2,80.4,72.0,53.7,18.3,4.8,1
Manchester City,Gareth Barry,2,61,14,Center,73.3,65.3,93.4,69.6,21.3,0.1,1
Manchester City,David Silva,2,61,15,Center,93.3,69.6,90.2,57.5,8.8,4.3,1
Bolton Wanderers,Jussi Jääskeläinen,2,61,33,Right,18.1,29.3,61.9,18.4,46.6,6.1,1
Bolton Wanderers,Martin Petrov,2,62,4,Center,65.1,26.0,90.7,48.8,31.0,0.5,1
Manchester City,Edin Dzeko,2,62,40,Center,49.8,50.6,52.2,52.2,2.7,0.4,1
Manchester City,Sergio Agüero,2,62,41,Back,52.2,52.2,33.6,49.7,19.6,3.2,1
Manchester City,Gareth Barry,2,62,44,Back,33.8,49.7,32.8,71.8,15.1,1.6,0
Bolton Wanderers,Kevin Davies,2,62,48,Center,76.2,36.5,86.0,26.3,12.4,5.7,1
Bolton Wanderers,Ivan Klasnic,2,62,49,Center,86.2,25.7,81.7,41.4,11.7,2.0,0
Bolton Wanderers,Grétar Steinsson,2,63,4,Right,70.3,0.0,66.2,9.5,8.6,2.1,1
Bolton Wanderers,Gary Cahill,2,63,5,Center,66.9,9.5,64.4,25.2,11.0,1.8,1
Bolton Wanderers,Chris Eagles,2,63,6,Right,64.4,25.2,74.4,19.8,11.1,5.9,1
Bolton Wanderers,Nigel Reo-Coker,2,63,7,Right,74.4,19.8,71.1,9.5,7.8,4.3,1
Bolton Wanderers,Gary Cahill,2,63,9,Center,74.1,9.4,82.7,51.6,30.1,1.3,1
Manchester City,Micah Richards,2,63,14,Back,13.4,18.6,45.6,13.4,34.0,6.2,0
Bolton Wanderers,Paul Robinson,2,63,22,Left,68.0,74.1,82.9,95.5,21.4,0.7,1
Bolton Wanderers,Martin Petrov,2,63,24,Left,93.4,94.4,94.5,83.0,7.8,4.9,0
Bolton Wanderers,Martin Petrov,2,63,45,Center,99.6,99.4,92.3,50.0,34.5,4.5,0
Manchester City,Edin Dzeko,2,63,53,Right,27.2,1.9,66.0,16.4,41.9,0.2,0
Manchester City,James Milner,2,64,3,Right,70.1,0.0,69.5,11.5,8.8,1.6,1
Manchester City,Gnegneri Yaya Touré,2,64,4,Right,69.5,11.5,69.9,2.5,6.1,4.8,1
Manchester City,James Milner,2,64,10,Center,97.7,23.8,87.1,47.2,19.4,2.2,0
Manchester City,David Silva,2,64,15,Center,83.0,27.6,83.9,44.6,11.6,1.5,1
Manchester City,Micah Richards,2,64,49,Right,41.4,0.0,59.5,13.6,21.4,0.5,1
Manchester City,Edin Dzeko,2,64,52,Right,58.9,5.6,54.7,13.3,6.8,2.3,1
Manchester City,Gnegneri Yaya Touré,2,64,53,Back,54.7,13.3,49.0,6.1,7.7,3.8,1
Manchester City,Micah Richards,2,64,55,Center,49.0,6.1,70.3,25.1,25.8,0.5,1
Manchester City,Sergio Agüero,2,64,56,Center,69.9,25.1,76.9,21.2,7.8,5.9,0
Bolton Wanderers,Zat Knight,2,64,59,Back,27.1,70.7,42.8,31.6,31.3,5.3,0
Manchester City,James Milner,2,65,4,Center,58.3,65.9,72.7,57.0,16.3,5.9,1
Manchester City,David Silva,2,65,5,Center,72.7,57.0,69.3,52.0,4.9,3.9,1
Manchester City,James Milner,2,65,8,Left,72.8,57.6,71.2,90.9,22.7,1.6,1
Manchester City,Aleksandar Kolarov,2,65,11,Center,74.8,86.4,90.9,52.3,28.7,5.3,0
Bolton Wanderers,Martin Petrov,2,65,20,Back,34.5,95.8,44.7,80.4,15.0,5.5,1
Bolton Wanderers,Ivan Klasnic,2,65,22,Back,45.9,79.3,37.7,68.7,11.2,3.8,1
Bolton Wanderers,Nigel Reo-Coker,2,65,23,Back,39.8,64.5,48.5,42.2,17.7,5.3,1
Bolton Wanderers,Chris Eagles,2,65,27,Center,54.8,34.9,69.5,29.3,15.9,6.0,1
Bolton Wanderers,Kevin Davies,2,65,28,Right,71.9,27.1,71.6,5.9,14.4,4.7,1
Bolton Wanderers,Grétar Steinsson,2,65,33,Center,71.6,5.9,67.3,21.5,11.5,2.0,1
Bolton Wanderers,Chris Eagles,2,65,36,Left,67.8,23.7,75.4,85.3,42.6,1.4,1
Bolton Wanderers,Martin Petrov,2,65,38,Center,76.5,88.5,69.0,68.7,15.6,4.2,1
Bolton Wanderers,Nigel Reo-Coker,2,65,41,Center,70.5,67.3,100.0,26.8,42.6,5.6,0
Manchester City,Joe Hart,2,66,9,Center,5.0,58.1,70.3,75.8,69.6,0.2,0
Bolton Wanderers,Chris Eagles,2,66,16,Center,36.7,24.0,54.6,23.7,18.8,6.3,1
Bolton Wanderers,Kevin Davies,2,66,17,Back,54.6,23.7,47.2,16.2,9.3,3.7,1
Bolton Wanderers,Chris Eagles,2,66,18,Center,55.9,16.7,64.5,33.0,14.3,0.9,1
Bolton Wanderers,Ivan Klasnic,2,66,19,Center,64.5,33.0,61.4,40.3,5.9,2.2,1
Bolton Wanderers,Kevin Davies,2,66,22,Center,64.9,31.0,58.0,31.5,7.3,3.1,1
Bolton Wanderers,Mark Davies,2,66,24,Center,56.0,34.9,63.4,64.3,21.4,1.2,1
Bolton Wanderers,Nigel Reo-Coker,2,66,26,Left,63.4,64.3,69.1,91.6,19.5,1.3,1
Bolton Wanderers,Martin Petrov,2,66,30,Left,68.5,92.8,75.4,97.6,7.9,0.4,1
Bolton Wanderers,Paul Robinson,2,66,32,Center,75.4,97.6,72.7,75.7,15.2,4.5,1
Bolton Wanderers,Ivan Klasnic,2,66,35,Left,72.3,82.9,76.1,95.6,9.5,1.1,1
Bolton Wanderers,Martin Petrov,2,66,37,Center,76.1,97.0,64.0,76.2,19.0,4.0,1
Bolton Wanderers,Nigel Reo-Coker,2,66,39,Center,62.8,72.9,63.1,61.1,8.0,4.8,1
Bolton Wanderers,Mark Davies,2,66,43,Center,72.8,59.2,77.9,53.3,6.7,5.6,1
Bolton Wanderers,Kevin Davies,2,66,46,Center,77.9,53.3,83.4,57.9,6.6,0.5,0
Manchester City,James Milner,2,66,47,Back,30.1,53.4,30.3,43.3,6.9,4.7,1
Manchester City,David Silva,2,66,49,Back,29.8,43.8,37.2,44.2,7.8,0.0,1
Manchester City,Sergio Agüero,2,66,49,Back,36.9,44.4,36.4,64.2,13.5,1.6,1
Manchester City,James Milner,2,66,51,Back,40.6,69.8,43.5,97.8,19.3,1.4,1
Manchester City,Edin Dzeko,2,66,53,Left,45.5,97.8,52.8,83.3,12.5,5.4,1
Manchester City,James Milner,2,66,54,Left,52.8,83.3,73.1,89.5,21.7,0.2,1
Manchester City,Edin Dzeko,2,67,1,Center,84.9,78.2,84.3,72.9,3.7,4.5,1
Manchester City,David Silva,2,67,4,Center,85.2,74.4,71.2,60.4,17.5,3.7,1
Bolton Wanderers,Jussi Jääskeläinen,2,68,1,Center,5.6,61.1,66.7,67.7,64.3,0.1,0
Manchester City,Micah Richards,2,68,4,Back,30.7,27.4,47.1,32.6,17.6,0.2,1
Manchester City,Carlos Tévez,2,68,8,Center,66.9,47.4,72.5,78.0,21.6,1.3,1
Manchester City,James Milner,2,68,12,Center,74.4,75.7,87.8,77.1,14.1,0.1,1
Manchester City,Carlos Tévez,2,68,16,Center,90.0,73.4,89.9,70.2,2.2,4.7,0
Manchester City,James Milner,2,68,34,Left,85.3,100.0,80.3,97.2,5.9,3.6,1
Manchester City,Aleksandar Kolarov,2,68,34,Left,80.3,97.3,89.7,97.2,9.9,6.3,1
Manchester City,James Milner,2,68,38,Center,96.0,89.7,95.8,74.6,10.3,4.7,1
Manchester City,Carlos Tévez,2,68,40,Center,97.0,73.4,92.1,55.3,13.3,4.3,1
Manchester City,Edin Dzeko,2,68,45,Right,91.9,22.9,77.2,13.4,16.7,3.5,1
Bolton Wanderers,Nigel Reo-Coker,2,68,53,Left,28.2,69.8,63.5,93.3,40.4,0.4,0
Manchester City,Vincent Kompany,2,68,56,Back,30.8,17.0,15.3,28.4,18.0,2.7,1
Manchester City,Joe Hart,2,68,59,Center,19.3,20.4,67.2,36.5,51.5,0.2,0
Bolton Wanderers,Zat Knight,2,69,4,Back,31.4,68.8,48.9,66.3,18.5,6.2,1
Bolton Wanderers,Ivan Klasnic,2,69,7,Back,49.0,67.6,42.4,71.2,7.3,2.8,1
Bolton Wanderers,Nigel Reo-Coker,2,69,8,Left,44.9,73.2,56.1,92.2,17.5,0.8,1
Bolton Wanderers,Martin Petrov,2,69,11,Left,62.6,95.1,64.3,89.2,4.4,5.1,0
Bolton Wanderers,Martin Petrov,2,69,24,Left,63.6,100.0,56.4,85.3,13.0,4.1,1
Bolton Wanderers,Paul Robinson,2,69,28,Back,56.4,85.3,46.4,16.2,48.1,4.5,1
Bolton Wanderers,Grétar Steinsson,2,69,29,Center,46.4,16.2,54.8,29.3,12.5,0.8,1
Bolton Wanderers,Mark Davies,2,69,33,Center,55.4,32.4,59.6,29.0,5.0,5.8,1
Bolton Wanderers,Ivan Klasnic,2,69,35,Left,57.6,35.7,98.5,90.2,56.7,0.7,1
Bolton Wanderers,Martin Petrov,2,69,39,Center,99.0,90.8,90.5,26.5,44.6,4.5,0
Manchester City,Aleksandar Kolarov,2,69,42,Back,8.6,73.4,1.9,58.4,12.4,4.1,1
Manchester City,Joe Hart,2,69,57,Center,16.0,62.0,71.9,70.2,59.0,0.1,0
Bolton Wanderers,Grétar Steinsson,2,70,21,Right,31.3,0.0,65.5,10.0,36.7,0.2,1
Bolton Wanderers,Ivan Klasnic,2,70,22,Right,65.5,10.0,64.7,17.3,5.0,1.7,1
Bolton Wanderers,Kevin Davies,2,70,24,Center,66.1,17.8,64.7,46.1,19.3,1.6,1
Bolton Wanderers,Nigel Reo-Coker,2,70,29,Left,71.4,60.7,75.4,83.8,16.3,1.3,1
Bolton Wanderers,Martin Petrov,2,70,34,Center,74.5,79.3,73.6,50.3,19.7,4.7,1
Bolton Wanderers,Chris Eagles,2,70,36,Center,74.5,51.2,75.9,40.2,7.6,4.9,1
Bolton Wanderers,Mark Davies,2,70,40,Center,78.3,52.0,81.2,64.6,9.1,1.2,1
Bolton Wanderers,Ivan Klasnic,2,70,42,Left,81.2,72.4,91.9,81.6,12.9,0.5,1
Bolton Wanderers,Martin Petrov,2,70,43,Center,92.0,82.5,93.8,74.9,5.5,5.1,0
Bolton Wanderers,Martin Petrov,2,71,15,Center,99.5,99.4,91.7,50.3,34.4,4.5,0
Bolton Wanderers,Chris Eagles,2,71,20,Right,73.0,20.6,60.6,21.0,13.0,3.1,1
Bolton Wanderers,Grétar Steinsson,2,71,22,Right,61.8,21.0,69.8,6.9,12.7,5.4,1
Bolton Wanderers,Chris Eagles,2,71,25,Center,69.5,7.7,91.0,46.0,34.5,0.9,0
Bolton Wanderers,Kevin Davies,2,71,31,Center,80.4,27.3,88.1,32.1,8.7,0.4,0
Manchester City,James Milner,2,71,35,Back,21.8,55.9,32.9,66.2,13.6,0.5,1
Manchester City,David Silva,2,71,36,Back,34.2,70.2,44.7,98.7,22.3,1.1,1
Bolton Wanderers,Grétar Steinsson,2,71,47,Right,45.3,0.0,55.7,5.9,11.9,0.4,1
Bolton Wanderers,Mark Davies,2,71,54,Back,51.5,7.7,46.1,74.3,45.6,1.7,1
Bolton Wanderers,Paul Robinson,2,71,56,Left,55.2,77.6,65.4,94.8,15.9,0.8,1
Bolton Wanderers,Martin Petrov,2,71,58,Center,66.0,95.5,60.9,72.4,16.6,4.4,1
Bolton Wanderers,Nigel Reo-Coker,2,72,0,Center,60.9,72.4,65.4,52.3,14.5,5.0,1
Bolton Wanderers,Mark Davies,2,72,4,Back,54.7,43.9,43.3,62.3,17.3,2.3,1
Bolton Wanderers,Zat Knight,2,72,6,Back,43.3,62.3,42.9,42.5,13.5,4.7,1
Bolton Wanderers,Gary Cahill,2,72,7,Back,42.9,42.5,44.7,59.0,11.4,1.4,1
Bolton Wanderers,Zat Knight,2,72,10,Left,44.7,59.0,74.2,97.0,40.3,0.7,1
Bolton Wanderers,Paul Robinson,2,72,13,Center,75.6,98.3,74.8,78.2,13.7,4.7,1
Bolton Wanderers,Ivan Klasnic,2,72,14,Left,74.8,78.2,71.1,95.5,12.4,1.9,1
Bolton Wanderers,Paul Robinson,2,72,16,Left,69.9,96.4,79.3,97.0,9.9,0.0,1
Bolton Wanderers,Martin Petrov,2,72,17,Left,79.3,97.0,81.0,84.9,8.4,4.9,1
Bolton Wanderers,Ivan Klasnic,2,72,19,Center,86.8,84.1,94.3,24.0,41.6,4.9,0
Manchester City,Aleksandar Kolarov,2,72,24,Back,10.9,76.6,31.1,88.6,22.7,0.4,1
Manchester City,James Milner,2,72,29,Back,40.4,96.7,33.2,71.2,18.9,4.3,1
Manchester City,Gnegneri Yaya Touré,2,72,31,Back,33.8,65.7,34.8,43.6,15.1,4.8,1
Manchester City,Gareth Barry,2,72,33,Back,34.8,43.6,45.5,67.9,20.0,1.0,1
Manchester City,Carlos Tévez,2,72,34,Back,45.5,67.9,31.4,69.8,14.9,3.1,1
Manchester City,Joleon Lescott,2,72,37,Back,31.7,69.8,36.3,63.1,6.6,5.5,1
Manchester City,Gnegneri Yaya Touré,2,72,40,Back,34.6,57.3,27.1,6.9,35.2,4.5,1
Manchester City,Micah Richards,2,72,43,Back,28.4,6.4,42.9,2.0,15.5,6.1,1
Manchester City,David Silva,2,72,47,Center,51.7,29.8,56.5,57.6,19.6,1.3,1
Manchester City,Carlos Tévez,2,72,51,Left,69.0,58.3,88.3,80.8,25.4,0.6,1
Manchester City,James Milner,2,72,54,Center,88.3,80.8,95.0,52.2,20.7,5.1,0
Bolton Wanderers,Jussi Jääskeläinen,2,73,1,Back,8.3,51.7,34.3,94.7,40.0,0.8,1
Bolton Wanderers,Martin Petrov,2,73,2,Back,35.3,97.0,35.8,76.5,13.9,4.8,1
Bolton Wanderers,Nigel Reo-Coker,2,73,4,Back,35.8,76.5,44.2,78.5,8.9,0.2,1
Bolton Wanderers,Paul Robinson,2,73,53,Center,40.5,74.4,80.2,37.5,48.7,5.7,0
Bolton Wanderers,Nigel Reo-Coker,2,73,58,Back,66.7,36.3,47.9,49.5,21.7,2.7,1
Manchester City,Joe Hart,2,74,29,Right,18.2,43.3,72.4,18.2,59.4,6.0,1
Manchester City,Carlos Tévez,2,74,33,Right,67.8,17.0,60.3,0.0,14.6,4.1,0
Bolton Wanderers,Paul Robinson,2,74,39,Back,42.6,100.0,47.8,85.0,12.1,5.2,1
Manchester City,Gnegneri Yaya Touré,2,74,43,Center,62.4,22.6,65.9,43.1,14.4,1.3,1
Manchester City,Edin Dzeko,2,74,44,Center,65.9,43.1,53.6,42.1,12.9,3.2,1
Manchester City,Gareth Barry,2,74,46,Right,53.5,42.1,66.7,14.7,23.2,5.4,1
Manchester City,Carlos Tévez,2,74,48,Right,70.1,17.0,78.1,2.5,13.0,5.4,1
Manchester City,David Silva,2,74,53,Center,73.5,20.7,69.9,31.9,8.5,2.0,1
Manchester City,Gnegneri Yaya Touré,2,74,55,Center,70.1,32.7,65.5,59.0,18.5,1.8,1
Manchester City,Gareth Barry,2,74,57,Left,65.3,65.9,72.8,97.6,22.9,1.2,1
Manchester City,Aleksandar Kolarov,2,75,1,Left,73.2,94.8,73.3,85.0,6.7,4.7,1
Manchester City,James Milner,2,75,3,Center,75.1,87.8,84.2,69.0,16.0,5.4,1
Bolton Wanderers,Jussi Jääskeläinen,2,75,24,Center,5.0,63.0,67.8,76.3,66.6,0.1,0
Manchester City,Micah Richards,2,75,29,Back,28.3,27.0,33.3,36.0,8.1,0.9,0
Manchester City,Gnegneri Yaya Touré,2,75,30,Center,30.5,32.3,67.6,37.4,39.1,0.1,0
Bolton Wanderers,Zat Knight,2,75,34,Left,36.3,71.5,76.9,100.0,47.2,0.4,0
Manchester City,Micah Richards,2,75,50,Right,25.8,0.0,55.6,16.8,33.6,0.4,0
Manchester City,Micah Richards,2,76,8,Center,56.6,0.0,72.1,23.8,23.5,0.8,0
Bolton Wanderers,Martin Petrov,2,76,17,Back,34.5,87.2,25.2,94.1,10.8,2.7,1
Bolton Wanderers,Paul Robinson,2,76,19,Left,25.2,95.3,58.2,97.0,34.7,0.0,0
Manchester City,Vincent Kompany,2,76,22,Back,41.3,17.0,43.6,38.3,14.7,1.4,1
Manchester City,Gareth Barry,2,76,25,Center,43.9,54.7,60.5,64.2,18.6,0.4,1
Manchester City,James Milner,2,76,28,Center,54.9,56.1,52.6,42.1,9.8,4.5,1
Manchester City,Gnegneri Yaya Touré,2,76,29,Back,51.9,48.8,40.3,67.9,17.8,2.3,1
Manchester City,Joleon Lescott,2,76,31,Back,40.2,68.2,46.3,96.7,20.4,1.3,1
Manchester City,Aleksandar Kolarov,2,76,35,Back,43.1,95.6,37.0,78.6,13.2,4.2,1
Manchester City,Joleon Lescott,2,76,38,Back,39.3,81.6,43.3,96.4,10.9,1.2,1
Manchester City,Aleksandar Kolarov,2,76,40,Back,43.1,94.7,43.1,68.1,18.1,4.7,1
Manchester City,Gnegneri Yaya Touré,2,76,42,Back,40.6,74.6,26.1,75.8,15.2,3.1,1
Manchester City,Joleon Lescott,2,76,45,Back,25.0,75.4,11.6,62.6,16.5,3.7,1
Manchester City,Joe Hart,2,76,47,Back,11.6,62.6,21.9,84.3,18.3,0.9,1
Manchester City,Joleon Lescott,2,76,51,Left,22.0,86.6,65.9,94.1,46.4,0.1,0
Bolton Wanderers,Grétar Steinsson,2,76,56,Back,32.1,4.5,28.9,15.7,8.3,2.0,1
Bolton Wanderers,Gary Cahill,2,76,58,Back,29.0,16.5,11.7,40.5,24.4,2.4,1
Bolton Wanderers,Jussi Jääskeläinen,2,77,1,Center,12.0,38.2,67.3,40.5,58.1,0.0,1
Bolton Wanderers,Kevin Davies,2,77,4,Center,67.3,40.5,74.9,38.6,8.1,6.1,0
Manchester City,Vincent Kompany,2,77,6,Back,29.7,62.8,21.1,77.4,13.4,2.3,1
Manchester City,Aleksandar Kolarov,2,77,8,Back,19.0,76.3,4.7,66.3,16.5,3.6,1
Manchester City,Joe Hart,2,77,9,Center,4.7,66.3,57.7,50.8,56.6,6.1,0
Bolton Wanderers,Zat Knight,2,77,14,Left,45.6,55.0,61.9,90.9,29.8,1.0,1
Bolton Wanderers,Martin Petrov,2,77,21,Back,62.8,93.1,35.5,88.6,28.8,3.2,1
Bolton Wanderers,Paul Robinson,2,77,23,Back,31.6,87.2,12.9,43.5,35.6,4.1,1
Bolton Wanderers,Jussi Jääskeläinen,2,77,25,Center,12.7,43.5,57.2,25.1,48.4,6.0,0
Manchester City,James Milner,2,77,28,Back,44.3,79.7,47.6,92.7,9.5,1.2,0
Bolton Wanderers,Grétar Steinsson,2,78,25,Center,63.3,0.0,86.7,26.5,31.0,0.7,1
Bolton Wanderers,Kevin Davies,2,78,29,Center,86.7,26.5,87.1,41.0,9.9,1.5,0
Bolton Wanderers,Paul Robinson,2,79,45,Left,61.0,100.0,54.4,91.9,9.2,3.9,1
Bolton Wanderers,Zat Knight,2,79,47,Center,45.9,86.7,56.7,66.5,17.8,5.4,1
Bolton Wanderers,Nigel Reo-Coker,2,79,51,Center,55.3,47.0,53.4,23.1,16.4,4.6,1
Bolton Wanderers,Gary Cahill,2,79,55,Center,59.2,15.0,75.3,22.3,17.6,0.3,1
Bolton Wanderers,Ivan Klasnic,2,79,59,Right,75.3,22.3,87.1,15.7,13.2,5.9,1
Bolton Wanderers,Darren Pratley,2,80,0,Right,87.1,15.7,92.4,7.2,8.0,5.5,1
Bolton Wanderers,Grétar Steinsson,2,80,3,Right,95.2,3.1,95.4,9.7,4.5,1.5,0
Bolton Wanderers,Grétar Steinsson,2,80,14,Center,94.2,0.0,94.4,40.5,28.9,1.6,0
Manchester City,Joe Hart,2,80,40,Left,9.4,61.5,69.1,86.6,65.0,0.3,0
Bolton Wanderers,Gary Cahill,2,80,44,Back,32.4,10.3,43.9,8.7,12.1,6.2,1
Bolton Wanderers,Mark Davies,2,80,46,Right,44.4,8.6,68.1,6.1,24.9,6.2,0
Manchester City,Joleon Lescott,2,80,47,Back,30.4,83.5,36.1,89.9,7.4,0.6,1
Manchester City,Aleksandar Kolarov,2,80,48,Back,35.9,89.5,23.1,52.8,28.3,4.2,1
Manchester City,Vincent Kompany,2,80,51,Back,22.2,52.6,7.1,49.7,16.0,3.3,1
Manchester City,Joe Hart,2,80,54,Center,7.1,49.7,71.0,22.4,69.6,6.0,0
Bolton Wanderers,Paul Robinson,2,80,59,Back,29.0,80.5,44.1,89.7,17.0,0.4,1
Manchester City,Micah Richards,2,81,17,Right,62.1,0.0,66.5,15.6,12.3,1.2,1
Manchester City,David Silva,2,81,19,Right,66.8,9.8,61.7,2.2,7.4,3.9,1
Manchester City,Micah Richards,2,81,19,Right,61.7,2.2,61.1,18.9,11.4,1.6,1
Manchester City,Gnegneri Yaya Touré,2,81,22,Center,62.2,26.6,56.2,67.7,28.6,1.8,1
Manchester City,Aleksandar Kolarov,2,81,27,Center,65.7,70.4,72.4,56.5,11.8,5.4,1
Manchester City,Carlos Tévez,2,81,29,Center,71.4,61.4,75.0,60.6,3.8,6.1,0
Manchester City,David Silva,2,81,33,Left,67.1,84.4,72.1,98.3,10.8,1.1,1
Manchester City,James Milner,2,81,36,Left,72.1,98.3,66.2,89.9,8.4,3.9,1
Manchester City,David Silva,2,81,38,Left,66.2,89.9,74.5,96.7,9.9,0.5,1
Manchester City,James Milner,2,81,41,Left,70.4,98.0,64.1,95.6,6.8,3.4,1
Manchester City,Gnegneri Yaya Touré,2,81,43,Left,63.5,95.5,64.3,95.9,0.9,0.3,0
Manchester City,Aleksandar Kolarov,2,81,49,Left,65.5,100.0,68.5,84.7,11.5,5.0,1
Manchester City,David Silva,2,81,50,Left,68.5,84.6,67.0,98.1,9.3,1.7,1
Manchester City,Aleksandar Kolarov,2,81,52,Left,67.0,98.3,72.5,95.9,6.0,6.0,1
Manchester City,Aleksandar Kolarov,2,82,5,Left,73.0,100.0,75.8,84.9,11.1,5.0,1
Manchester City,Carlos Tévez,2,82,7,Left,70.2,95.5,73.6,98.6,4.1,0.5,1
Manchester City,Aleksandar Kolarov,2,82,8,Left,73.6,98.6,79.9,81.1,13.6,5.2,1
Manchester City,David Silva,2,82,10,Left,80.5,87.1,81.9,97.8,7.4,1.4,1
Manchester City,James Milner,2,82,12,Left,80.4,97.3,89.4,92.3,10.0,5.9,1
Manchester City,David Silva,2,82,17,Center,98.1,75.7,97.8,72.4,2.3,4.6,0
Manchester City,James Milner,2,82,39,Left,99.5,99.5,84.2,96.7,16.2,3.3,1
Manchester City,David Silva,2,82,44,Center,78.0,88.0,74.8,77.9,7.6,4.3,1
Manchester City,Carlos Tévez,2,82,46,Left,74.8,77.7,65.5,81.6,10.1,2.9,1
Manchester City,Aleksandar Kolarov,2,82,48,Center,64.1,76.2,56.7,45.2,22.5,4.4,1
Manchester City,Vincent Kompany,2,82,54,Right,58.6,31.9,68.9,7.2,20.0,5.3,1
Manchester City,Adam Johnson,2,82,56,Center,65.6,18.7,53.3,56.5,28.8,2.0,1
Manchester City,Aleksandar Kolarov,2,82,59,Center,60.9,61.5,72.0,78.5,16.4,0.8,1
Manchester City,Carlos Tévez,2,83,3,Center,72.5,67.4,86.9,24.3,33.0,5.2,1
Bolton Wanderers,Jussi Jääskeläinen,2,83,33,Center,5.0,37.0,67.2,60.1,67.2,0.2,0
Bolton Wanderers,Darren Pratley,2,83,38,Left,59.8,68.7,54.3,82.9,11.3,2.1,1
Bolton Wanderers,Paul Robinson,2,83,39,Left,54.3,82.9,68.9,97.2,18.2,0.6,1
Bolton Wanderers,Martin Petrov,2,83,43,Center,67.6,78.8,58.0,60.0,16.3,4.0,1
Bolton Wanderers,Nigel Reo-Coker,2,83,46,Center,56.7,59.0,60.2,39.9,13.5,5.0,1
Bolton Wanderers,Mark Davies,2,83,49,Left,57.1,53.6,55.7,87.4,23.0,1.6,1
Bolton Wanderers,Paul Robinson,2,83,50,Center,55.8,88.5,61.6,74.8,11.1,5.3,1
Bolton Wanderers,Mark Davies,2,83,56,Center,87.8,82.2,88.3,55.3,18.3,4.7,0
Bolton Wanderers,Paul Robinson,2,84,10,Left,86.2,100.0,80.8,82.7,13.4,4.3,1
Bolton Wanderers,Martin Petrov,2,84,13,Left,79.6,83.5,74.7,100.0,13.1,2.0,0
Manchester City,Micah Richards,2,84,28,Back,22.2,0.0,44.2,8.3,24.0,0.3,0
Bolton Wanderers,Paul Robinson,2,84,31,Left,54.8,95.6,65.4,92.2,11.4,6.1,0
Manchester City,Carlos Tévez,2,84,32,Back,40.3,10.3,43.0,23.7,9.5,1.3,1
Manchester City,David Silva,2,84,33,Back,43.0,23.7,34.1,31.2,10.6,2.6,1
Manchester City,Gnegneri Yaya Touré,2,84,35,Back,34.1,31.2,33.2,71.5,27.4,1.6,1
Manchester City,Aleksandar Kolarov,2,84,38,Center,43.4,67.6,51.4,57.9,10.7,5.6,1
Manchester City,Carlos Tévez,2,84,40,Left,52.1,62.9,56.5,84.6,15.5,1.3,1
Manchester City,Aleksandar Kolarov,2,84,44,Left,58.7,88.9,65.5,98.6,9.7,0.7,1
Manchester City,James Milner,2,84,46,Left,65.5,98.6,72.7,90.0,9.6,5.6,0
Bolton Wanderers,Jussi Jääskeläinen,2,85,4,Center,32.0,4.1,79.8,55.4,61.1,0.6,0
Manchester City,Gnegneri Yaya Touré,2,85,11,Back,34.2,37.5,41.5,58.1,16.0,1.1,1
Manchester City,David Silva,2,85,17,Left,53.9,74.1,54.1,95.1,14.3,1.6,1
Manchester City,James Milner,2,85,20,Left,53.7,96.7,66.8,96.1,13.8,6.3,1
Manchester City,David Silva,2,85,26,Left,76.7,97.2,67.0,97.3,10.2,3.1,1
Manchester City,James Milner,2,85,28,Left,68.1,95.8,55.1,95.0,13.7,3.2,1
Manchester City,Aleksandar Kolarov,2,85,31,Left,55.1,95.0,71.4,92.2,17.2,6.2,1
Manchester City,Gareth Barry,2,85,34,Left,70.1,91.7,66.7,88.1,4.3,3.7,1
Manchester City,James Milner,2,85,35,Left,66.7,88.1,69.0,98.1,7.2,1.2,1
Manchester City,Gareth Barry,2,85,36,Left,69.0,98.0,87.5,93.1,19.7,6.1,1
Manchester City,David Silva,2,85,40,Center,94.7,89.1,87.0,57.3,23.1,4.4,1
Bolton Wanderers,Jussi Jääskeläinen,2,86,14,Center,10.3,91.4,77.5,75.7,71.4,6.1,1
Bolton Wanderers,Darren Pratley,2,86,21,Center,75.5,66.2,72.0,52.0,10.3,4.3,1
Bolton Wanderers,Mark Davies,2,86,22,Center,72.0,55.0,77.1,44.1,9.1,5.3,1
Bolton Wanderers,Darren Pratley,2,86,24,Right,76.9,34.4,91.9,14.2,20.9,5.6,0
Manchester City,Aleksandar Kolarov,2,86,27,Back,8.1,83.5,25.0,93.6,19.0,0.4,1
Manchester City,Joe Hart,2,87,34,Left,23.3,95.8,76.8,98.4,56.2,0.0,0
Manchester City,Aleksandar Kolarov,2,87,58,Left,70.2,100.0,74.1,95.8,5.5,5.6,1
Manchester City,Aleksandar Kolarov,2,88,2,Left,66.8,97.0,70.9,82.5,10.8,5.1,1
Manchester City,Carlos Tévez,2,89,5,Left,99.3,99.5,96.1,98.7,3.4,3.3,1
Manchester City,James Milner,2,89,7,Center,95.5,98.6,94.2,76.2,15.3,4.6,1
Bolton Wanderers,Jussi Jääskeläinen,2,89,20,Center,5.0,37.0,64.6,31.2,62.7,6.2,0
Manchester City,Joleon Lescott,2,89,25,Center,34.3,62.3,57.6,48.9,26.1,5.9,0
Bolton Wanderers,Zat Knight,2,89,27,Back,44.8,54.7,44.4,34.9,13.5,4.7,1
Bolton Wanderers,Gary Cahill,2,89,33,Back,54.5,36.3,49.8,72.9,25.4,1.8,1
Bolton Wanderers,Paul Robinson,2,89,37,Center,53.3,70.7,86.9,25.1,47.0,5.6,0
Bolton Wanderers,Nigel Reo-Coker,2,89,44,Center,60.7,34.3,76.0,43.5,17.2,0.4,1
Bolton Wanderers,Kevin Davies,2,89,47,Center,76.0,43.5,82.8,34.4,9.4,5.6,0
Bolton Wanderers,Gary Cahill,2,89,51,Right,42.1,28.4,63.5,19.0,23.4,6.0,0
Manchester City,James Milner,2,89,55,Back,41.5,64.3,44.1,79.7,10.8,1.3,1
Manchester City,Gareth Barry,2,89,56,Left,44.1,79.7,75.5,98.3,35.3,0.4,0
Bolton Wanderers,Grétar Steinsson,2,90,19,Right,27.5,0.0,56.0,5.2,30.2,0.1,0
Bolton Wanderers,Grétar Steinsson,2,90,31,Right,57.2,0.0,59.5,14.3,10.9,1.3,1
Bolton Wanderers,Nigel Reo-Coker,2,90,33,Right,59.5,14.3,61.7,0.6,9.6,5.0,1
Bolton Wanderers,Grétar Steinsson,2,90,36,Right,61.7,0.6,62.2,2.7,1.5,1.2,0
Bolton Wanderers,Grétar Steinsson,2,90,44,Right,59.1,0.0,79.1,15.6,24.0,0.5,1
Bolton Wanderers,Kevin Davies,2,90,47,Center,79.1,15.6,78.7,28.5,8.8,1.6,0
Bolton Wanderers,Gary Cahill,2,90,53,Right,56.2,16.1,58.3,5.3,7.7,5.0,1
Bolton Wanderers,Grétar Steinsson,2,90,55,Center,59.7,4.9,91.6,25.7,36.4,0.4,0
Manchester City,Joe Hart,2,91,27,Left,15.3,68.1,68.2,92.0,57.9,0.3,0
Bolton Wanderers,Gary Cahill,2,91,33,Back,30.1,15.3,32.8,38.6,16.1,1.4,1
Bolton Wanderers,Zat Knight,2,91,37,Center,34.2,34.4,68.7,39.4,36.4,0.1,0
Manchester City,Vincent Kompany,2,91,38,Center,33.3,57.8,56.8,68.1,25.6,0.3,0
Manchester City,Gareth Barry,2,91,44,Back,48.3,81.1,45.5,94.7,9.7,1.9,1
Manchester City,James Milner,2,91,45,Back,45.5,93.6,47.7,79.1,10.1,4.9,1
Manchester City,Gnegneri Yaya Touré,2,91,46,Left,47.7,79.1,57.4,96.6,15.7,0.9,1
Manchester City,Gareth Barry,2,91,47,Left,57.4,96.2,63.4,85.3,9.7,5.4,1
Bolton Wanderers,Jussi Jääskeläinen,2,92,0,Back,11.4,60.0,25.6,84.4,22.3,0.8,1
Bolton Wanderers,Paul Robinson,2,92,2,Back,25.6,84.4,38.5,69.1,17.1,5.6,0
Manchester City,Gnegneri Yaya Touré,2,92,5,Right,58.1,19.6,68.4,15.1,11.2,6.0,1
Manchester City,Pablo Zabaleta,2,92,6,Center,68.2,15.6,85.4,32.6,21.4,0.6,0
Bolton Wanderers,Zat Knight,2,92,11,Back,15.4,67.7,8.0,55.6,11.3,4.0,1
Manchester City,Pablo Zabaleta,2,92,12,Center,75.3,15.4,92.5,31.0,20.9,0.5,0
Bolton Wanderers,Jussi Jääskeläinen,2,92,13,Back,8.9,55.6,23.9,81.4,23.6,0.8,0
Bolton Wanderers,Jussi Jääskeläinen,2,92,21,Center,13.5,64.5,67.8,51.9,57.7,6.1,0
Bolton Wanderers,Nigel Reo-Coker,2,92,25,Center,66.0,58.1,71.1,69.1,9.2,0.9,0
Manchester City,Pablo Zabaleta,2,92,27,Back,29.1,34.7,28.4,43.1,5.8,1.7,1
Manchester City,Gareth Barry,2,92,28,Back,28.4,43.5,10.3,64.9,23.9,2.5,1
Manchester City,Joe Hart,2,92,31,Back,10.3,64.9,19.8,78.8,13.7,0.8,1
Manchester City,Aleksandar Kolarov,2,92,32,Back,19.8,78.8,32.2,97.3,18.1,0.8,1
Manchester City,James Milner,2,92,34,Back,32.7,96.2,43.2,70.4,20.7,5.3,1
Manchester City,Gnegneri Yaya Touré,2,92,38,Left,55.6,65.7,68.3,79.7,16.4,0.6,1
Bolton Wanderers,Jussi Jääskeläinen,2,93,1,Center,19.3,54.8,75.4,43.5,59.4,6.2,0
Manchester City,Adam Johnson,2,93,10,Back,36.7,32.7,42.3,19.0,11.0,5.3,1
Manchester City,Pablo Zabaleta,2,93,27,Right,44.4,13.3,61.6,12.0,18.1,6.2,1
Manchester City,Carlos Tévez,2,93,30,Center,60.2,16.1,58.2,24.0,5.8,1.9,1
Manchester City,Pablo Zabaleta,2,93,31,Right,66.2,15.7,69.9,3.0,9.5,5.1,1
Manchester City,Adam Johnson,2,93,32,Right,70.1,2.8,86.5,2.7,17.2,6.3,1
Bolton Wanderers,Nigel Reo-Coker,2,93,42,Center,16.3,82.5,71.7,70.7,58.7,6.1,0
Manchester City,Vincent Kompany,2,93,45,Back,28.6,27.6,34.2,9.5,13.6,5.2,1
Manchester City,Micah Richards,2,93,46,Right,34.4,9.1,63.0,20.7,31.0,0.3,1
Manchester City,Gnegneri Yaya Touré,2,93,47,Right,62.4,20.7,61.8,12.5,5.6,4.6,1
Bolton Wanderers,Jussi Jääskeläinen,2,94,4,Center,5.0,63.0,68.1,57.5,66.4,6.2,1
